"DESCRIPTION","DURATION IN MS","NAME","PARENT SUITE","START TIME","STATUS","STOP TIME","SUB SUITE","SUITE","TEST CLASS","TEST METHOD"
"","9268","Verify that 12 Inputs are present on Vi Utility Bill Payments | Water, Gas, Electricity & More @regression","chromium","2026-06-12","passed","2026-06-12","https://www.myvi.in/ - Vi Utility Bill Payments | Water, Gas, Electricity & More - Regression Tests","Regression Test Suite","",""
"","7473","Verify that 99 Links are present on Get Free Night Data & Binge Your Shows with Hero Unlimited | Vi-5G @regression","webkit","2026-06-12","failed","2026-06-12","https://www.myvi.in/ - Get Free Night Data & Binge Your Shows with Hero Unlimited | Vi-5G - Regression Tests","Regression Test Suite","",""
"","2823","Verify that Pay Vi Postpaid Bill Online - Quick & Secure | Vi India loads successfully @regression","chromium","2026-06-12","passed","2026-06-12","https://www.myvi.in/ - Pay Vi Postpaid Bill Online - Quick & Secure | Vi India - Regression Tests","Regression Test Suite","",""
"","3703","Verify that 23 Headings are present on Vi (Vodafone Idea) - Vi Max Postpaid | Prepaid | Vi Games & More @regression","webkit","2026-06-12","passed","2026-06-12","https://www.myvi.in/ - Vi (Vodafone Idea) - Vi Max Postpaid | Prepaid | Vi Games & More - Regression Tests","Regression Test Suite","",""
"","8913","Verify that 158 Links are present on Vi Loan EMI Payment | Quick & Secure Online Payment @regression","webkit","2026-06-12","failed","2026-06-12","https://www.myvi.in/ - Vi Loan EMI Payment | Quick & Secure Online Payment - Regression Tests","Regression Test Suite","",""
"","15597","Verify that 86 Links are present on Vi 5G Network in India – Explore Plans, SIM & Coverage Map | Vi India @regression","chromium","2026-06-12","failed","2026-06-12","https://www.myvi.in/ - Vi 5G Network in India – Explore Plans, SIM & Coverage Map | Vi India - Regression Tests","Regression Test Suite","",""
"","9403","Verify that 86 Links are present on Vi 5G Network in India – Explore Plans, SIM & Coverage Map | Vi India @regression","firefox","2026-06-12","failed","2026-06-12","https://www.myvi.in/ - Vi 5G Network in India – Explore Plans, SIM & Coverage Map | Vi India - Regression Tests","Regression Test Suite","",""
"","6623","Verify that 17 Headings are present on Vi Postpaid Auto Bill Payment - Setup & Manage Automatic Payments @regression","chromium","2026-06-12","passed","2026-06-12","https://www.myvi.in/ - Vi Postpaid Auto Bill Payment - Setup & Manage Automatic Payments - Regression Tests","Regression Test Suite","",""
"","4636","Verify that 37 Inputs are present on Credit Card Bill Payment – Quick & Secure Online Bill Payments | Vi @regression","chromium","2026-06-12","passed","2026-06-12","https://www.myvi.in/ - Credit Card Bill Payment – Quick & Secure Online Bill Payments | Vi - Regression Tests","Regression Test Suite","",""
"","13452","Verify that 2 Menus are present on Vi Postpaid Auto Bill Payment - Setup & Manage Automatic Payments @regression","chromium","2026-06-12","failed","2026-06-12","https://www.myvi.in/ - Vi Postpaid Auto Bill Payment - Setup & Manage Automatic Payments - Regression Tests","Regression Test Suite","",""
"","7778","Verify that 134 Inputs are present on Enjoy Netflix Subscription Plans with Vi at No Extra Cost @regression","webkit","2026-06-12","passed","2026-06-12","https://www.myvi.in/ - Enjoy Netflix Subscription Plans with Vi at No Extra Cost - Regression Tests","Regression Test Suite","",""
"","3997","Verify that 1 Form is present on Vi Utility Bill Payments | Water, Gas, Electricity & More @regression","webkit","2026-06-12","passed","2026-06-12","https://www.myvi.in/ - Vi Utility Bill Payments | Water, Gas, Electricity & More - Regression Tests","Regression Test Suite","",""
"","9708","Verify that 165 Links are present on Vi Official Videos: Tips, Products & Updates @regression","firefox","2026-06-12","failed","2026-06-12","https://www.myvi.in/ - Vi Official Videos: Tips, Products & Updates - Regression Tests","Regression Test Suite","",""
"","25034","Verify that 2 Menus are present on Vi International Roaming Packs (2026) - Stay Connected Abroad | Vi India @regression","chromium","2026-06-12","failed","2026-06-12","https://www.myvi.in/ - Vi International Roaming Packs (2026) - Stay Connected Abroad | Vi India - Regression Tests","Regression Test Suite","",""
"","10508","Verify that 1 Menu is present on Enjoy Netflix Subscription Plans with Vi at No Extra Cost @regression","webkit","2026-06-12","failed","2026-06-12","https://www.myvi.in/ - Enjoy Netflix Subscription Plans with Vi at No Extra Cost - Regression Tests","Regression Test Suite","",""
"","4451","Verify that 19 Buttons are present on Vi FASTag Recharge Online | Instant Recharge @regression","webkit","2026-06-12","passed","2026-06-12","https://www.myvi.in/ - Vi FASTag Recharge Online | Instant Recharge - Regression Tests","Regression Test Suite","",""
"","21611","Verify that 1 Input is present on SonyLIV Subscription Plans with Vi | Watch Movies, Shows & Sports @regression","chromium","2026-06-12","passed","2026-06-12","https://www.myvi.in/ - SonyLIV Subscription Plans with Vi | Watch Movies, Shows & Sports - Regression Tests","Regression Test Suite","",""
"","9430","Verify that 25 Buttons are present on How to Activate Vi eSIM Card – Easy Online Setup & Steps | Vi India @regression","firefox","2026-06-12","passed","2026-06-12","https://www.myvi.in/ - How to Activate Vi eSIM Card – Easy Online Setup & Steps | Vi India - Regression Tests","Regression Test Suite","",""
"","14470","Verify that 2 Menus are present on Vi (Vodafone Idea) - Vi Max Postpaid | Prepaid | Vi Games & More @regression","chromium","2026-06-12","failed","2026-06-12","https://www.myvi.in/ - Vi (Vodafone Idea) - Vi Max Postpaid | Prepaid | Vi Games & More - Regression Tests","Regression Test Suite","",""
"","9919","Verify that 2 Menus are present on Buy a New Vi 4g SIM Card Online and Get a Free Delivery @regression","webkit","2026-06-12","failed","2026-06-12","https://www.myvi.in/ - Buy a New Vi 4g SIM Card Online and Get a Free Delivery - Regression Tests","Regression Test Suite","",""
"","7867","Verify that 2 Menus are present on Vi 5G Network in India – Explore Plans, SIM & Coverage Map | Vi India @regression","webkit","2026-06-12","failed","2026-06-12","https://www.myvi.in/ - Vi 5G Network in India – Explore Plans, SIM & Coverage Map | Vi India - Regression Tests","Regression Test Suite","",""
"","9450","Verify that 1 Menu is present on Pay for Insurance Online with Vi – Fast & Secure Payment @regression","webkit","2026-06-12","failed","2026-06-12","https://www.myvi.in/ - Pay for Insurance Online with Vi – Fast & Secure Payment - Regression Tests","Regression Test Suite","",""
"","3372","Verify that 7 Buttons are present on Vi Prepaid Talktime and Top-Up Plans| Easy Online Mobile Recharge @regression","firefox","2026-06-12","passed","2026-06-12","https://www.myvi.in/ - Vi Prepaid Talktime and Top-Up Plans| Easy Online Mobile Recharge - Regression Tests","Regression Test Suite","",""
"","5627","Verify that 1 Form is present on Vi Utility Bill Payments | Water, Gas, Electricity & More @regression","firefox","2026-06-12","passed","2026-06-12","https://www.myvi.in/ - Vi Utility Bill Payments | Water, Gas, Electricity & More - Regression Tests","Regression Test Suite","",""
"","10160","Verify that 2 Menus are present on Vi 5G Network in India – Explore Plans, SIM & Coverage Map | Vi India @regression","chromium","2026-06-12","failed","2026-06-12","https://www.myvi.in/ - Vi 5G Network in India – Explore Plans, SIM & Coverage Map | Vi India - Regression Tests","Regression Test Suite","",""
"","6772","Verify that 17 Headings are present on Explore the Best Prepaid Plans – Top Prepaid Recharge Options | Vi India @regression","firefox","2026-06-12","passed","2026-06-12","https://www.myvi.in/ - Explore the Best Prepaid Plans – Top Prepaid Recharge Options | Vi India - Regression Tests","Regression Test Suite","",""
"","13280","Verify that Buy Fancy Numbers Online - Choose Premium VIP Number or Free Options |Vi India loads successfully @regression","firefox","2026-06-12","passed","2026-06-12","https://www.myvi.in/ - Buy Fancy Numbers Online - Choose Premium VIP Number or Free Options |Vi India - Regression Tests","Regression Test Suite","",""
"","4487","Verify that 2 Forms are present on Vi Loan EMI Payment | Quick & Secure Online Payment @regression","firefox","2026-06-12","passed","2026-06-12","https://www.myvi.in/ - Vi Loan EMI Payment | Quick & Secure Online Payment - Regression Tests","Regression Test Suite","",""
"","7569","Verify that 3 Menus are present on Vodafone Idea News (Vi): Latest Vi News, Press Releases &amp; Updates @regression","webkit","2026-06-12","failed","2026-06-12","https://www.myvi.in/ - Vodafone Idea News (Vi): Latest Vi News, Press Releases &amp; Updates - Regression Tests","Regression Test Suite","",""
"","17540","Verify that 19 Buttons are present on Vi 5G Network in India – Explore Plans, SIM & Coverage Map | Vi India @regression","chromium","2026-06-12","passed","2026-06-12","https://www.myvi.in/ - Vi 5G Network in India – Explore Plans, SIM & Coverage Map | Vi India - Regression Tests","Regression Test Suite","",""
"","8521","Verify that 1 Form is present on Port SIM Number to Vi | Enjoy Vi Benefits with Easy MNP process @regression","chromium","2026-06-12","passed","2026-06-12","https://www.myvi.in/ - Port SIM Number to Vi | Enjoy Vi Benefits with Easy MNP process - Regression Tests","Regression Test Suite","",""
"","5453","Verify that Register for Postpaid EBill Online | Vi loads successfully @regression","firefox","2026-06-12","passed","2026-06-12","https://www.myvi.in/ - Register for Postpaid EBill Online | Vi - Regression Tests","Regression Test Suite","",""
"","4613","Verify that SonyLIV Subscription Plans with Vi | Watch Movies, Shows & Sports loads successfully @regression","chromium","2026-06-12","passed","2026-06-12","https://www.myvi.in/ - SonyLIV Subscription Plans with Vi | Watch Movies, Shows & Sports - Regression Tests","Regression Test Suite","",""
"","6538","Verify that 17 Headings are present on Explore the Best Prepaid Plans – Top Prepaid Recharge Options | Vi India @regression","webkit","2026-06-12","passed","2026-06-12","https://www.myvi.in/ - Explore the Best Prepaid Plans – Top Prepaid Recharge Options | Vi India - Regression Tests","Regression Test Suite","",""
"","7305","Verify that 115 Links are present on Vi Unlimited Data, Calls & Internet Plans – Choose Vi Unlimited Plans Today @regression","webkit","2026-06-12","failed","2026-06-12","https://www.myvi.in/ - Vi Unlimited Data, Calls & Internet Plans – Choose Vi Unlimited Plans Today - Regression Tests","Regression Test Suite","",""
"","5465","Verify that 14 Buttons are present on Vi (Vodafone Idea) Customer Care Number | Vi Complaint & Helpline Number @regression","chromium","2026-06-12","passed","2026-06-12","https://www.myvi.in/ - Vi (Vodafone Idea) Customer Care Number | Vi Complaint & Helpline Number - Regression Tests","Regression Test Suite","",""
"","12068","Verify that 2 Menus are present on Buy a New Vi 4g SIM Card Online and Get a Free Delivery @regression","firefox","2026-06-12","failed","2026-06-12","https://www.myvi.in/ - Buy a New Vi 4g SIM Card Online and Get a Free Delivery - Regression Tests","Regression Test Suite","",""
"","3459","Verify that 2 Buttons are present on Pay Vi Postpaid Bill Online - Quick & Secure | Vi India @regression","webkit","2026-06-12","passed","2026-06-12","https://www.myvi.in/ - Pay Vi Postpaid Bill Online - Quick & Secure | Vi India - Regression Tests","Regression Test Suite","",""
"","7497","Verify that Vi Blog | Get Latest News & Information on Vi Network loads successfully @regression","chromium","2026-06-12","passed","2026-06-12","https://www.myvi.in/ - Vi Blog | Get Latest News & Information on Vi Network - Regression Tests","Regression Test Suite","",""
"","4207","Verify that 14 Headings are present on Get Free Night Data & Binge Your Shows with Hero Unlimited | Vi-5G @regression","firefox","2026-06-12","passed","2026-06-12","https://www.myvi.in/ - Get Free Night Data & Binge Your Shows with Hero Unlimited | Vi-5G - Regression Tests","Regression Test Suite","",""
"","7850","Verify that 1 Form is present on All OTT in One App - OTT Subscription Plans | Vi Movies & TV @regression","webkit","2026-06-12","passed","2026-06-12","https://www.myvi.in/ - All OTT in One App - OTT Subscription Plans | Vi Movies & TV - Regression Tests","Regression Test Suite","",""
"","8824","Verify that Vi Electricity Bill Payment | Quick & Secure Online Payment loads successfully @regression","firefox","2026-06-12","passed","2026-06-12","https://www.myvi.in/ - Vi Electricity Bill Payment | Quick & Secure Online Payment - Regression Tests","Regression Test Suite","",""
"","9338","Verify that 1 Table is present on How to Activate Vi eSIM Card – Easy Online Setup & Steps | Vi India @regression","firefox","2026-06-12","passed","2026-06-12","https://www.myvi.in/ - How to Activate Vi eSIM Card – Easy Online Setup & Steps | Vi India - Regression Tests","Regression Test Suite","",""
"","12978","Verify that 16 Headings are present on Buy a New Vi 4g SIM Card Online and Get a Free Delivery @regression","webkit","2026-06-12","failed","2026-06-12","https://www.myvi.in/ - Buy a New Vi 4g SIM Card Online and Get a Free Delivery - Regression Tests","Regression Test Suite","",""
"","23864","Verify that 173 Links are present on Vi Postpaid Plans with Unlimited Calls & Data | Vi India @regression","chromium","2026-06-12","failed","2026-06-12","https://www.myvi.in/ - Vi Postpaid Plans with Unlimited Calls & Data | Vi India - Regression Tests","Regression Test Suite","",""
"","10714","Verify that 6 Buttons are present on Vodafone Idea News (Vi): Latest Vi News, Press Releases &amp; Updates @regression","chromium","2026-06-12","failed","2026-06-12","https://www.myvi.in/ - Vodafone Idea News (Vi): Latest Vi News, Press Releases &amp; Updates - Regression Tests","Regression Test Suite","",""
"","5048","Verify that 2 Headings are present on Plan Selection Page @regression","firefox","2026-06-12","passed","2026-06-12","https://www.myvi.in/ - Plan Selection Page - Regression Tests","Regression Test Suite","",""
"","8984","Verify that 3 Inputs are present on WiFi Calling on Vi: Choose VoWiFi for Better Voice Quality @regression","chromium","2026-06-12","failed","2026-06-12","https://www.myvi.in/ - WiFi Calling on Vi: Choose VoWiFi for Better Voice Quality - Regression Tests","Regression Test Suite","",""
"","7829","Verify that 64 Headings are present on Vi International Roaming Packs (2026) - Stay Connected Abroad | Vi India @regression","chromium","2026-06-12","passed","2026-06-12","https://www.myvi.in/ - Vi International Roaming Packs (2026) - Stay Connected Abroad | Vi India - Regression Tests","Regression Test Suite","",""
"","3858","Verify that 1 Form is present on SonyLIV Subscription Plans with Vi | Watch Movies, Shows & Sports @regression","firefox","2026-06-12","passed","2026-06-12","https://www.myvi.in/ - SonyLIV Subscription Plans with Vi | Watch Movies, Shows & Sports - Regression Tests","Regression Test Suite","",""
"","6936","Verify that 3 Menus are present on Vi Prepaid Talktime and Top-Up Plans| Easy Online Mobile Recharge @regression","firefox","2026-06-12","failed","2026-06-12","https://www.myvi.in/ - Vi Prepaid Talktime and Top-Up Plans| Easy Online Mobile Recharge - Regression Tests","Regression Test Suite","",""
"","6745","Verify that Vi Electricity Bill Payment | Quick & Secure Online Payment loads successfully @regression","webkit","2026-06-12","passed","2026-06-12","https://www.myvi.in/ - Vi Electricity Bill Payment | Quick & Secure Online Payment - Regression Tests","Regression Test Suite","",""
"","9202","Verify that Vi Utility Bill Payments | Water, Gas, Electricity & More loads successfully @regression","chromium","2026-06-12","passed","2026-06-12","https://www.myvi.in/ - Vi Utility Bill Payments | Water, Gas, Electricity & More - Regression Tests","Regression Test Suite","",""
"","9429","Verify that 1 Menu is present on Vi Utility Bill Payments | Water, Gas, Electricity & More @regression","firefox","2026-06-12","failed","2026-06-12","https://www.myvi.in/ - Vi Utility Bill Payments | Water, Gas, Electricity & More - Regression Tests","Regression Test Suite","",""
"","7664","Verify that 2 Menus are present on Plan Selection Page @regression","webkit","2026-06-12","failed","2026-06-12","https://www.myvi.in/ - Plan Selection Page - Regression Tests","Regression Test Suite","",""
"","9627","Verify that 2 Forms are present on Vi International Roaming Packs (2026) - Stay Connected Abroad | Vi India @regression","chromium","2026-06-12","passed","2026-06-12","https://www.myvi.in/ - Vi International Roaming Packs (2026) - Stay Connected Abroad | Vi India - Regression Tests","Regression Test Suite","",""
"","15460","Verify that 27 Headings are present on Buy Fancy Numbers Online - Choose Premium VIP Number or Free Options |Vi India @regression","firefox","2026-06-12","failed","2026-06-12","https://www.myvi.in/ - Buy Fancy Numbers Online - Choose Premium VIP Number or Free Options |Vi India - Regression Tests","Regression Test Suite","",""
"","5862","Verify that Vi 5G Network in India – Explore Plans, SIM & Coverage Map | Vi India loads successfully @regression","firefox","2026-06-12","passed","2026-06-12","https://www.myvi.in/ - Vi 5G Network in India – Explore Plans, SIM & Coverage Map | Vi India - Regression Tests","Regression Test Suite","",""
"","5841","Verify that 1 Form is present on SonyLIV Subscription Plans with Vi | Watch Movies, Shows & Sports @regression","webkit","2026-06-12","passed","2026-06-12","https://www.myvi.in/ - SonyLIV Subscription Plans with Vi | Watch Movies, Shows & Sports - Regression Tests","Regression Test Suite","",""
"","4985","Verify that 11 Buttons are present on About Vi - India's Largest Telecom Company @regression","webkit","2026-06-12","passed","2026-06-12","https://www.myvi.in/ - About Vi - India's Largest Telecom Company - Regression Tests","Regression Test Suite","",""
"","23274","Verify that 3 Tables are present on All OTT in One App - OTT Subscription Plans | Vi Movies & TV @regression","chromium","2026-06-12","passed","2026-06-12","https://www.myvi.in/ - All OTT in One App - OTT Subscription Plans | Vi Movies & TV - Regression Tests","Regression Test Suite","",""
"","7986","Verify that 75 Headings are present on All OTT in One App - OTT Subscription Plans | Vi Movies & TV @regression","webkit","2026-06-12","passed","2026-06-12","https://www.myvi.in/ - All OTT in One App - OTT Subscription Plans | Vi Movies & TV - Regression Tests","Regression Test Suite","",""
"","5770","Verify that Vodafone Idea News (Vi): Latest Vi News, Press Releases &amp; Updates loads successfully @regression","chromium","2026-06-12","passed","2026-06-12","https://www.myvi.in/ - Vodafone Idea News (Vi): Latest Vi News, Press Releases &amp; Updates - Regression Tests","Regression Test Suite","",""
"","11381","Verify that 25 Headings are present on Check Vi SIM Status Online | Track Your Connection & Orders @regression","firefox","2026-06-12","failed","2026-06-12","https://www.myvi.in/ - Check Vi SIM Status Online | Track Your Connection & Orders - Regression Tests","Regression Test Suite","",""
"","8022","Verify that 3 Menus are present on Vi Blog | Get Latest News & Information on Vi Network @regression","webkit","2026-06-12","failed","2026-06-12","https://www.myvi.in/ - Vi Blog | Get Latest News & Information on Vi Network - Regression Tests","Regression Test Suite","",""
"","4009","Verify that Vodafone Idea Foundation – An initiative to change India with Mobile Technology loads successfully @regression","webkit","2026-06-12","passed","2026-06-12","https://www.myvi.in/ - Vodafone Idea Foundation – An initiative to change India with Mobile Technology - Regression Tests","Regression Test Suite","",""
"","5267","Verify that 1 Form is present on Buy a New Vi 4g SIM Card Online and Get a Free Delivery @regression","chromium","2026-06-12","passed","2026-06-12","https://www.myvi.in/ - Buy a New Vi 4g SIM Card Online and Get a Free Delivery - Regression Tests","Regression Test Suite","",""
"","7005","Verify that 3 Menus are present on Vodafone Idea News (Vi): Latest Vi News, Press Releases &amp; Updates @regression","firefox","2026-06-12","failed","2026-06-12","https://www.myvi.in/ - Vodafone Idea News (Vi): Latest Vi News, Press Releases &amp; Updates - Regression Tests","Regression Test Suite","",""
"","6819","Verify that 19 Buttons are present on Credit Card Bill Payment – Quick & Secure Online Bill Payments | Vi @regression","firefox","2026-06-12","passed","2026-06-12","https://www.myvi.in/ - Credit Card Bill Payment – Quick & Secure Online Bill Payments | Vi - Regression Tests","Regression Test Suite","",""
"","9054","Verify that 75 Inputs are present on Vi (Vodafone Idea) Customer Care Number | Vi Complaint & Helpline Number @regression","firefox","2026-06-12","passed","2026-06-12","https://www.myvi.in/ - Vi (Vodafone Idea) Customer Care Number | Vi Complaint & Helpline Number - Regression Tests","Regression Test Suite","",""
"","9334","Verify that 3 Headings are present on Register for Postpaid EBill Online | Vi @regression","chromium","2026-06-12","failed","2026-06-12","https://www.myvi.in/ - Register for Postpaid EBill Online | Vi - Regression Tests","Regression Test Suite","",""
"","9570","Verify that 1 Menu is present on How to Activate Vi eSIM Card – Easy Online Setup & Steps | Vi India @regression","webkit","2026-06-12","failed","2026-06-12","https://www.myvi.in/ - How to Activate Vi eSIM Card – Easy Online Setup & Steps | Vi India - Regression Tests","Regression Test Suite","",""
"","10658","Verify that 3 Headings are present on About Vi - India's Largest Telecom Company @regression","firefox","2026-06-12","passed","2026-06-12","https://www.myvi.in/ - About Vi - India's Largest Telecom Company - Regression Tests","Regression Test Suite","",""
"","5212","Verify that 19 Buttons are present on Vi 5G Network in India – Explore Plans, SIM & Coverage Map | Vi India @regression","firefox","2026-06-12","passed","2026-06-12","https://www.myvi.in/ - Vi 5G Network in India – Explore Plans, SIM & Coverage Map | Vi India - Regression Tests","Regression Test Suite","",""
"","4563","Verify that 4 Tables are present on Vi (Vodafone Idea) Customer Care Number | Vi Complaint & Helpline Number @regression","webkit","2026-06-12","passed","2026-06-12","https://www.myvi.in/ - Vi (Vodafone Idea) Customer Care Number | Vi Complaint & Helpline Number - Regression Tests","Regression Test Suite","",""
"","6850","Verify that 105 Links are present on Vi Data Packs - Mobile Data Recharge Plans | Vi India @regression","firefox","2026-06-12","failed","2026-06-12","https://www.myvi.in/ - Vi Data Packs - Mobile Data Recharge Plans | Vi India - Regression Tests","Regression Test Suite","",""
"","6319","Verify that Vi FASTag Recharge Online | Instant Recharge loads successfully @regression","firefox","2026-06-12","passed","2026-06-12","https://www.myvi.in/ - Vi FASTag Recharge Online | Instant Recharge - Regression Tests","Regression Test Suite","",""
"","3079","Verify that Vi Blog | Get Latest News & Information on Vi Network loads successfully @regression","firefox","2026-06-12","passed","2026-06-12","https://www.myvi.in/ - Vi Blog | Get Latest News & Information on Vi Network - Regression Tests","Regression Test Suite","",""
"","4713","Verify that 37 Inputs are present on Credit Card Bill Payment – Quick & Secure Online Bill Payments | Vi @regression","webkit","2026-06-12","passed","2026-06-12","https://www.myvi.in/ - Credit Card Bill Payment – Quick & Secure Online Bill Payments | Vi - Regression Tests","Regression Test Suite","",""
"","11403","Verify that 9 Buttons are present on Check Vi SIM Status Online | Track Your Connection & Orders @regression","chromium","2026-06-12","failed","2026-06-12","https://www.myvi.in/ - Check Vi SIM Status Online | Track Your Connection & Orders - Regression Tests","Regression Test Suite","",""
"","6886","Verify that 90 Links are present on Online Mobile Recharge - Best Prepaid Plans & Top-Ups | Vi India @regression","firefox","2026-06-12","failed","2026-06-12","https://www.myvi.in/ - Online Mobile Recharge - Best Prepaid Plans & Top-Ups | Vi India - Regression Tests","Regression Test Suite","",""
"","9073","Verify that 162 Links are present on VoLTE | 4G VoLTE Calls - (Voice Over LTE) for HD Voice Calls | Vi @regression","webkit","2026-06-12","failed","2026-06-12","https://www.myvi.in/ - VoLTE | 4G VoLTE Calls - (Voice Over LTE) for HD Voice Calls | Vi - Regression Tests","Regression Test Suite","",""
"","37372","Verify that 126 Links are present on Vi (Vodafone Idea) - Vi Max Postpaid | Prepaid | Vi Games & More @regression","chromium","2026-06-12","failed","2026-06-12","https://www.myvi.in/ - Vi (Vodafone Idea) - Vi Max Postpaid | Prepaid | Vi Games & More - Regression Tests","Regression Test Suite","",""
"","7744","Verify that 3 Menus are present on Best Vi SMS Packs and SMS Plans for Prepaid Recharge|Vi India @regression","webkit","2026-06-12","failed","2026-06-12","https://www.myvi.in/ - Best Vi SMS Packs and SMS Plans for Prepaid Recharge|Vi India - Regression Tests","Regression Test Suite","",""
"","18369","Verify that Vi International Roaming Packs (2026) - Stay Connected Abroad | Vi India loads successfully @regression","chromium","2026-06-12","passed","2026-06-12","https://www.myvi.in/ - Vi International Roaming Packs (2026) - Stay Connected Abroad | Vi India - Regression Tests","Regression Test Suite","",""
"","3727","Verify that 9 Headings are present on Vi Prepaid Talktime and Top-Up Plans| Easy Online Mobile Recharge @regression","webkit","2026-06-12","passed","2026-06-12","https://www.myvi.in/ - Vi Prepaid Talktime and Top-Up Plans| Easy Online Mobile Recharge - Regression Tests","Regression Test Suite","",""
"","11812","Verify that 5 Inputs are present on Get your Vi Sim Online and Enjoy Free Delivery | Choose Your Plan Today @regression","chromium","2026-06-12","failed","2026-06-12","https://www.myvi.in/ - Get your Vi Sim Online and Enjoy Free Delivery | Choose Your Plan Today - Regression Tests","Regression Test Suite","",""
"","10331","Verify that 1 Menu is present on Vi Electricity Bill Payment | Quick & Secure Online Payment @regression","firefox","2026-06-12","failed","2026-06-12","https://www.myvi.in/ - Vi Electricity Bill Payment | Quick & Secure Online Payment - Regression Tests","Regression Test Suite","",""
"","10916","Verify that 16 Headings are present on Buy a New Vi 4g SIM Card Online and Get a Free Delivery @regression","chromium","2026-06-12","failed","2026-06-12","https://www.myvi.in/ - Buy a New Vi 4g SIM Card Online and Get a Free Delivery - Regression Tests","Regression Test Suite","",""
"","3081","Verify that 1 Form is present on Vi (Vodafone Idea) - Vi Max Postpaid | Prepaid | Vi Games & More @regression","firefox","2026-06-12","passed","2026-06-12","https://www.myvi.in/ - Vi (Vodafone Idea) - Vi Max Postpaid | Prepaid | Vi Games & More - Regression Tests","Regression Test Suite","",""
"","6611","Verify that 1 Form is present on Explore the Best Prepaid Plans – Top Prepaid Recharge Options | Vi India @regression","chromium","2026-06-12","passed","2026-06-12","https://www.myvi.in/ - Explore the Best Prepaid Plans – Top Prepaid Recharge Options | Vi India - Regression Tests","Regression Test Suite","",""
"","9970","Verify that 66 Inputs are present on Buy a New Vi 4g SIM Card Online and Get a Free Delivery @regression","webkit","2026-06-12","failed","2026-06-12","https://www.myvi.in/ - Buy a New Vi 4g SIM Card Online and Get a Free Delivery - Regression Tests","Regression Test Suite","",""
"","5734","Verify that Vi (Vodafone Idea) Careers | Explore Career Opportunities at Vodafone Idea (Vi) loads successfully @regression","chromium","2026-06-12","passed","2026-06-12","https://www.myvi.in/ - Vi (Vodafone Idea) Careers | Explore Career Opportunities at Vodafone Idea (Vi) - Regression Tests","Regression Test Suite","",""
"","10530","Verify that 105 Links are present on Vodafone Idea Foundation – An initiative to change India with Mobile Technology @regression","chromium","2026-06-12","failed","2026-06-12","https://www.myvi.in/ - Vodafone Idea Foundation – An initiative to change India with Mobile Technology - Regression Tests","Regression Test Suite","",""
"","9006","Verify that Check Vi SIM Status Online | Track Your Connection & Orders loads successfully @regression","firefox","2026-06-12","passed","2026-06-12","https://www.myvi.in/ - Check Vi SIM Status Online | Track Your Connection & Orders - Regression Tests","Regression Test Suite","",""
"","3987","Verify that 1 Heading is present on Vi FASTag Recharge Online | Instant Recharge @regression","firefox","2026-06-12","passed","2026-06-12","https://www.myvi.in/ - Vi FASTag Recharge Online | Instant Recharge - Regression Tests","Regression Test Suite","",""
"","6221","Verify that 7 Buttons are present on Best Vi SMS Packs and SMS Plans for Prepaid Recharge|Vi India @regression","firefox","2026-06-12","passed","2026-06-12","https://www.myvi.in/ - Best Vi SMS Packs and SMS Plans for Prepaid Recharge|Vi India - Regression Tests","Regression Test Suite","",""
"","12432","Verify that 24 Buttons are present on Get Vi New Postpaid SIM Card Online – Buy Mobile SIM Card In india @regression","firefox","2026-06-12","failed","2026-06-12","https://www.myvi.in/ - Get Vi New Postpaid SIM Card Online – Buy Mobile SIM Card In india - Regression Tests","Regression Test Suite","",""
"","4095","Verify that 2 Forms are present on Vi Postpaid Auto Bill Payment - Setup & Manage Automatic Payments @regression","webkit","2026-06-12","passed","2026-06-12","https://www.myvi.in/ - Vi Postpaid Auto Bill Payment - Setup & Manage Automatic Payments - Regression Tests","Regression Test Suite","",""
"","9234","Verify that Port SIM Number to Vi | Enjoy Vi Benefits with Easy MNP process loads successfully @regression","chromium","2026-06-12","passed","2026-06-12","https://www.myvi.in/ - Port SIM Number to Vi | Enjoy Vi Benefits with Easy MNP process - Regression Tests","Regression Test Suite","",""
"","7038","Verify that 2 Forms are present on Vi International Roaming Packs (2026) - Stay Connected Abroad | Vi India @regression","firefox","2026-06-12","passed","2026-06-12","https://www.myvi.in/ - Vi International Roaming Packs (2026) - Stay Connected Abroad | Vi India - Regression Tests","Regression Test Suite","",""
"","6080","Verify that 19 Buttons are present on Vi 5G Network in India – Explore Plans, SIM & Coverage Map | Vi India @regression","webkit","2026-06-12","passed","2026-06-12","https://www.myvi.in/ - Vi 5G Network in India – Explore Plans, SIM & Coverage Map | Vi India - Regression Tests","Regression Test Suite","",""
"","4653","Verify that 1 Heading is present on Vi FASTag Recharge Online | Instant Recharge @regression","webkit","2026-06-12","passed","2026-06-12","https://www.myvi.in/ - Vi FASTag Recharge Online | Instant Recharge - Regression Tests","Regression Test Suite","",""
"","4867","Verify that 16 Headings are present on Vi (Vodafone Idea) Customer Care Number | Vi Complaint & Helpline Number @regression","webkit","2026-06-12","passed","2026-06-12","https://www.myvi.in/ - Vi (Vodafone Idea) Customer Care Number | Vi Complaint & Helpline Number - Regression Tests","Regression Test Suite","",""
"","11629","Verify that 33 Links are present on Buy Fancy Numbers Online - Choose Premium VIP Number or Free Options |Vi India @regression","chromium","2026-06-12","failed","2026-06-12","https://www.myvi.in/ - Buy Fancy Numbers Online - Choose Premium VIP Number or Free Options |Vi India - Regression Tests","Regression Test Suite","",""
"","5065","Verify that 7 Buttons are present on Vi Prepaid Talktime and Top-Up Plans| Easy Online Mobile Recharge @regression","webkit","2026-06-12","passed","2026-06-12","https://www.myvi.in/ - Vi Prepaid Talktime and Top-Up Plans| Easy Online Mobile Recharge - Regression Tests","Regression Test Suite","",""
"","4029","Verify that 14 Buttons are present on VoLTE | 4G VoLTE Calls - (Voice Over LTE) for HD Voice Calls | Vi @regression","webkit","2026-06-12","passed","2026-06-12","https://www.myvi.in/ - VoLTE | 4G VoLTE Calls - (Voice Over LTE) for HD Voice Calls | Vi - Regression Tests","Regression Test Suite","",""
"","8597","Verify that 94 Links are present on Vi (Vodafone Idea) Careers | Explore Career Opportunities at Vodafone Idea (Vi) @regression","chromium","2026-06-12","failed","2026-06-12","https://www.myvi.in/ - Vi (Vodafone Idea) Careers | Explore Career Opportunities at Vodafone Idea (Vi) - Regression Tests","Regression Test Suite","",""
"","4706","Verify that 19 Buttons are present on Credit Card Bill Payment – Quick & Secure Online Bill Payments | Vi @regression","chromium","2026-06-12","passed","2026-06-12","https://www.myvi.in/ - Credit Card Bill Payment – Quick & Secure Online Bill Payments | Vi - Regression Tests","Regression Test Suite","",""
"","7455","Verify that 37 Inputs are present on Vi FASTag Recharge Online | Instant Recharge @regression","chromium","2026-06-12","passed","2026-06-12","https://www.myvi.in/ - Vi FASTag Recharge Online | Instant Recharge - Regression Tests","Regression Test Suite","",""
"","6755","Verify that 3 Menus are present on WiFi Calling on Vi: Choose VoWiFi for Better Voice Quality @regression","firefox","2026-06-12","failed","2026-06-12","https://www.myvi.in/ - WiFi Calling on Vi: Choose VoWiFi for Better Voice Quality - Regression Tests","Regression Test Suite","",""
"","9726","Verify that 185 Links are present on Privacy Policy | Vi @regression","webkit","2026-06-12","failed","2026-06-12","https://www.myvi.in/ - Privacy Policy | Vi - Regression Tests","Regression Test Suite","",""
"","10061","Verify that 1 Menu is present on Vi FASTag Recharge Online | Instant Recharge @regression","webkit","2026-06-12","failed","2026-06-12","https://www.myvi.in/ - Vi FASTag Recharge Online | Instant Recharge - Regression Tests","Regression Test Suite","",""
"","12576","Verify that 25 Links are present on Check Vi SIM Status Online | Track Your Connection & Orders @regression","firefox","2026-06-12","failed","2026-06-12","https://www.myvi.in/ - Check Vi SIM Status Online | Track Your Connection & Orders - Regression Tests","Regression Test Suite","",""
"","7811","Verify that 1 Form is present on How to Activate Vi eSIM Card – Easy Online Setup & Steps | Vi India @regression","firefox","2026-06-12","passed","2026-06-12","https://www.myvi.in/ - How to Activate Vi eSIM Card – Easy Online Setup & Steps | Vi India - Regression Tests","Regression Test Suite","",""
"","5630","Verify that 19 Buttons are present on Vi Electricity Bill Payment | Quick & Secure Online Payment @regression","chromium","2026-06-12","passed","2026-06-12","https://www.myvi.in/ - Vi Electricity Bill Payment | Quick & Secure Online Payment - Regression Tests","Regression Test Suite","",""
"","3396","Verify that WiFi Calling on Vi: Choose VoWiFi for Better Voice Quality loads successfully @regression","webkit","2026-06-12","passed","2026-06-12","https://www.myvi.in/ - WiFi Calling on Vi: Choose VoWiFi for Better Voice Quality - Regression Tests","Regression Test Suite","",""
"","9171","Verify that 6 Headings are present on Vi Blog | Get Latest News & Information on Vi Network @regression","chromium","2026-06-12","failed","2026-06-12","https://www.myvi.in/ - Vi Blog | Get Latest News & Information on Vi Network - Regression Tests","Regression Test Suite","",""
"","15701","Verify that 164 Links are present on About Vi - India's Largest Telecom Company @regression","firefox","2026-06-12","failed","2026-06-12","https://www.myvi.in/ - About Vi - India's Largest Telecom Company - Regression Tests","Regression Test Suite","",""
"","3885","Verify that 4 Inputs are present on Vi Product & Services FAQs, Frequently Asked Questions @regression","firefox","2026-06-12","passed","2026-06-12","https://www.myvi.in/ - Vi Product & Services FAQs, Frequently Asked Questions - Regression Tests","Regression Test Suite","",""
"","10029","Verify that 158 Links are present on Pay for Insurance Online with Vi – Fast & Secure Payment @regression","webkit","2026-06-12","failed","2026-06-12","https://www.myvi.in/ - Pay for Insurance Online with Vi – Fast & Secure Payment - Regression Tests","Regression Test Suite","",""
"","9273","Verify that 90 Links are present on Online Mobile Recharge - Best Prepaid Plans & Top-Ups | Vi India @regression","chromium","2026-06-12","failed","2026-06-12","https://www.myvi.in/ - Online Mobile Recharge - Best Prepaid Plans & Top-Ups | Vi India - Regression Tests","Regression Test Suite","",""
"","10716","Verify that 170 Links are present on How to Activate Vi eSIM Card – Easy Online Setup & Steps | Vi India @regression","firefox","2026-06-12","failed","2026-06-12","https://www.myvi.in/ - How to Activate Vi eSIM Card – Easy Online Setup & Steps | Vi India - Regression Tests","Regression Test Suite","",""
"","4432","Verify that 4 Forms are present on Register for Postpaid EBill Online | Vi @regression","firefox","2026-06-12","passed","2026-06-12","https://www.myvi.in/ - Register for Postpaid EBill Online | Vi - Regression Tests","Regression Test Suite","",""
"","3552","Verify that 109 Links are present on Vodafone Idea News (Vi): Latest Vi News, Press Releases &amp; Updates @regression","webkit","2026-06-12","passed","2026-06-12","https://www.myvi.in/ - Vodafone Idea News (Vi): Latest Vi News, Press Releases &amp; Updates - Regression Tests","Regression Test Suite","",""
"","7320","Verify that 4 Forms are present on Enjoy Netflix Subscription Plans with Vi at No Extra Cost @regression","webkit","2026-06-12","passed","2026-06-12","https://www.myvi.in/ - Enjoy Netflix Subscription Plans with Vi at No Extra Cost - Regression Tests","Regression Test Suite","",""
"","6595","Verify that Get your Vi Sim Online and Enjoy Free Delivery | Choose Your Plan Today loads successfully @regression","webkit","2026-06-12","passed","2026-06-12","https://www.myvi.in/ - Get your Vi Sim Online and Enjoy Free Delivery | Choose Your Plan Today - Regression Tests","Regression Test Suite","",""
"","6122","Verify that 19 Buttons are present on Vi Loan EMI Payment | Quick & Secure Online Payment @regression","chromium","2026-06-12","passed","2026-06-12","https://www.myvi.in/ - Vi Loan EMI Payment | Quick & Secure Online Payment - Regression Tests","Regression Test Suite","",""
"","9006","Verify that 161 Links are present on Register for Postpaid EBill Online | Vi @regression","firefox","2026-06-12","failed","2026-06-12","https://www.myvi.in/ - Register for Postpaid EBill Online | Vi - Regression Tests","Regression Test Suite","",""
"","2012","Verify that 15 Headings are present on Vodafone Idea News (Vi): Latest Vi News, Press Releases &amp; Updates @regression","firefox","2026-06-12","passed","2026-06-12","https://www.myvi.in/ - Vodafone Idea News (Vi): Latest Vi News, Press Releases &amp; Updates - Regression Tests","Regression Test Suite","",""
"","6608","Verify that 3 Inputs are present on Online Mobile Recharge - Best Prepaid Plans & Top-Ups | Vi India @regression","chromium","2026-06-12","passed","2026-06-12","https://www.myvi.in/ - Online Mobile Recharge - Best Prepaid Plans & Top-Ups | Vi India - Regression Tests","Regression Test Suite","",""
"","14487","Verify that 52 Headings are present on Vi Business - B2B: Mobility, Connectivity, Security, IoT & Cloud @regression","chromium","2026-06-12","failed","2026-06-12","https://www.myvi.in/ - Vi Business - B2B: Mobility, Connectivity, Security, IoT & Cloud - Regression Tests","Regression Test Suite","",""
"","7153","Verify that 126 Links are present on Vi (Vodafone Idea) - Vi Max Postpaid | Prepaid | Vi Games & More @regression","firefox","2026-06-12","failed","2026-06-12","https://www.myvi.in/ - Vi (Vodafone Idea) - Vi Max Postpaid | Prepaid | Vi Games & More - Regression Tests","Regression Test Suite","",""
"","16211","Verify that 4 Buttons are present on SonyLIV Subscription Plans with Vi | Watch Movies, Shows & Sports @regression","chromium","2026-06-12","passed","2026-06-12","https://www.myvi.in/ - SonyLIV Subscription Plans with Vi | Watch Movies, Shows & Sports - Regression Tests","Regression Test Suite","",""
"","6650","Verify that 100 Inputs are present on Vi Postpaid Plans with Unlimited Calls & Data | Vi India @regression","chromium","2026-06-12","passed","2026-06-12","https://www.myvi.in/ - Vi Postpaid Plans with Unlimited Calls & Data | Vi India - Regression Tests","Regression Test Suite","",""
"","8175","Verify that 105 Links are present on Vodafone Idea Foundation – An initiative to change India with Mobile Technology @regression","webkit","2026-06-12","failed","2026-06-12","https://www.myvi.in/ - Vodafone Idea Foundation – An initiative to change India with Mobile Technology - Regression Tests","Regression Test Suite","",""
"","5731","Verify that Check Vi SIM Status Online | Track Your Connection & Orders loads successfully @regression","webkit","2026-06-12","passed","2026-06-12","https://www.myvi.in/ - Check Vi SIM Status Online | Track Your Connection & Orders - Regression Tests","Regression Test Suite","",""
"","7770","Verify that How to Activate Vi eSIM Card – Easy Online Setup & Steps | Vi India loads successfully @regression","webkit","2026-06-12","passed","2026-06-12","https://www.myvi.in/ - How to Activate Vi eSIM Card – Easy Online Setup & Steps | Vi India - Regression Tests","Regression Test Suite","",""
"","9386","Verify that About Vi - India's Largest Telecom Company loads successfully @regression","chromium","2026-06-12","passed","2026-06-12","https://www.myvi.in/ - About Vi - India's Largest Telecom Company - Regression Tests","Regression Test Suite","",""
"","9611","Verify that 13 Links are present on Plan Selection Page @regression","webkit","2026-06-12","failed","2026-06-12","https://www.myvi.in/ - Plan Selection Page - Regression Tests","Regression Test Suite","",""
"","6441","Verify that 19 Buttons are present on Pay for Insurance Online with Vi – Fast & Secure Payment @regression","chromium","2026-06-12","passed","2026-06-12","https://www.myvi.in/ - Pay for Insurance Online with Vi – Fast & Secure Payment - Regression Tests","Regression Test Suite","",""
"","8182","Verify that 1 Input is present on Best Vi SMS Packs and SMS Plans for Prepaid Recharge|Vi India @regression","firefox","2026-06-12","passed","2026-06-12","https://www.myvi.in/ - Best Vi SMS Packs and SMS Plans for Prepaid Recharge|Vi India - Regression Tests","Regression Test Suite","",""
"","11366","Verify that 2 Menus are present on Vi Official Videos: Tips, Products & Updates @regression","firefox","2026-06-12","failed","2026-06-12","https://www.myvi.in/ - Vi Official Videos: Tips, Products & Updates - Regression Tests","Regression Test Suite","",""
"","7153","Verify that 13 Links are present on Plan Selection Page @regression","firefox","2026-06-12","failed","2026-06-12","https://www.myvi.in/ - Plan Selection Page - Regression Tests","Regression Test Suite","",""
"","9817","Verify that Explore the Best Prepaid Plans – Top Prepaid Recharge Options | Vi India loads successfully @regression","firefox","2026-06-12","passed","2026-06-12","https://www.myvi.in/ - Explore the Best Prepaid Plans – Top Prepaid Recharge Options | Vi India - Regression Tests","Regression Test Suite","",""
"","5392","Verify that VoLTE | 4G VoLTE Calls - (Voice Over LTE) for HD Voice Calls | Vi loads successfully @regression","firefox","2026-06-12","passed","2026-06-12","https://www.myvi.in/ - VoLTE | 4G VoLTE Calls - (Voice Over LTE) for HD Voice Calls | Vi - Regression Tests","Regression Test Suite","",""
"","13490","Verify that 75 Headings are present on All OTT in One App - OTT Subscription Plans | Vi Movies & TV @regression","firefox","2026-06-12","passed","2026-06-12","https://www.myvi.in/ - All OTT in One App - OTT Subscription Plans | Vi Movies & TV - Regression Tests","Regression Test Suite","",""
"","2673","Verify that 15 Headings are present on Vodafone Idea News (Vi): Latest Vi News, Press Releases &amp; Updates @regression","webkit","2026-06-12","passed","2026-06-12","https://www.myvi.in/ - Vodafone Idea News (Vi): Latest Vi News, Press Releases &amp; Updates - Regression Tests","Regression Test Suite","",""
"","4265","Verify that 26 Links are present on Vi Max Family Plans | Best Postpaid Plan for Family | Postpaid Family Plans @regression","webkit","2026-06-12","passed","2026-06-12","https://www.myvi.in/ - Vi Max Family Plans | Best Postpaid Plan for Family | Postpaid Family Plans - Regression Tests","Regression Test Suite","",""
"","11434","Verify that 1 Menu is present on Vi Business - B2B: Mobility, Connectivity, Security, IoT & Cloud @regression","webkit","2026-06-12","failed","2026-06-12","https://www.myvi.in/ - Vi Business - B2B: Mobility, Connectivity, Security, IoT & Cloud - Regression Tests","Regression Test Suite","",""
"","4898","Verify that 1 Heading is present on Vi Official Videos: Tips, Products & Updates @regression","webkit","2026-06-12","passed","2026-06-12","https://www.myvi.in/ - Vi Official Videos: Tips, Products & Updates - Regression Tests","Regression Test Suite","",""
"","27683","Verify that 1 Menu is present on Enjoy Netflix Subscription Plans with Vi at No Extra Cost @regression","chromium","2026-06-12","failed","2026-06-12","https://www.myvi.in/ - Enjoy Netflix Subscription Plans with Vi at No Extra Cost - Regression Tests","Regression Test Suite","",""
"","9531","Verify that 2 Menus are present on Vi Official Videos: Tips, Products & Updates @regression","webkit","2026-06-12","failed","2026-06-12","https://www.myvi.in/ - Vi Official Videos: Tips, Products & Updates - Regression Tests","Regression Test Suite","",""
"","5545","Verify that 37 Inputs are present on Pay for Insurance Online with Vi – Fast & Secure Payment @regression","chromium","2026-06-12","passed","2026-06-12","https://www.myvi.in/ - Pay for Insurance Online with Vi – Fast & Secure Payment - Regression Tests","Regression Test Suite","",""
"","6839","Verify that 49 Buttons are present on Explore the Best Prepaid Plans – Top Prepaid Recharge Options | Vi India @regression","chromium","2026-06-12","passed","2026-06-12","https://www.myvi.in/ - Explore the Best Prepaid Plans – Top Prepaid Recharge Options | Vi India - Regression Tests","Regression Test Suite","",""
"","20617","Verify that 2 Menus are present on About Vi - India's Largest Telecom Company @regression","chromium","2026-06-12","failed","2026-06-12","https://www.myvi.in/ - About Vi - India's Largest Telecom Company - Regression Tests","Regression Test Suite","",""
"","7466","Verify that 94 Links are present on Vi (Vodafone Idea) Careers | Explore Career Opportunities at Vodafone Idea (Vi) @regression","webkit","2026-06-12","failed","2026-06-12","https://www.myvi.in/ - Vi (Vodafone Idea) Careers | Explore Career Opportunities at Vodafone Idea (Vi) - Regression Tests","Regression Test Suite","",""
"","9824","Verify that Get your Vi Sim Online and Enjoy Free Delivery | Choose Your Plan Today loads successfully @regression","chromium","2026-06-12","passed","2026-06-12","https://www.myvi.in/ - Get your Vi Sim Online and Enjoy Free Delivery | Choose Your Plan Today - Regression Tests","Regression Test Suite","",""
"","9653","Verify that 2 Menus are present on Get a New Vi Prepaid SIM Card in 3 Simple Steps - Buy New Sim @regression","webkit","2026-06-12","failed","2026-06-12","https://www.myvi.in/ - Get a New Vi Prepaid SIM Card in 3 Simple Steps - Buy New Sim - Regression Tests","Regression Test Suite","",""
"","6565","Verify that 4 Forms are present on Register for Postpaid EBill Online | Vi @regression","chromium","2026-06-12","passed","2026-06-12","https://www.myvi.in/ - Register for Postpaid EBill Online | Vi - Regression Tests","Regression Test Suite","",""
"","12965","Verify that 1 Input is present on Vi Data Packs - Mobile Data Recharge Plans | Vi India @regression","chromium","2026-06-12","passed","2026-06-12","https://www.myvi.in/ - Vi Data Packs - Mobile Data Recharge Plans | Vi India - Regression Tests","Regression Test Suite","",""
"","13057","Verify that Vi Business - B2B: Mobility, Connectivity, Security, IoT & Cloud loads successfully @regression","firefox","2026-06-12","passed","2026-06-12","https://www.myvi.in/ - Vi Business - B2B: Mobility, Connectivity, Security, IoT & Cloud - Regression Tests","Regression Test Suite","",""
"","13125","Verify that 2 Menus are present on Port SIM Number to Vi | Enjoy Vi Benefits with Easy MNP process @regression","chromium","2026-06-12","failed","2026-06-12","https://www.myvi.in/ - Port SIM Number to Vi | Enjoy Vi Benefits with Easy MNP process - Regression Tests","Regression Test Suite","",""
"","11775","Verify that 3 Menus are present on Vi Data Packs - Mobile Data Recharge Plans | Vi India @regression","chromium","2026-06-12","failed","2026-06-12","https://www.myvi.in/ - Vi Data Packs - Mobile Data Recharge Plans | Vi India - Regression Tests","Regression Test Suite","",""
"","4117","Verify that 2 Inputs are present on Vi (Vodafone Idea) - Vi Max Postpaid | Prepaid | Vi Games & More @regression","webkit","2026-06-12","passed","2026-06-12","https://www.myvi.in/ - Vi (Vodafone Idea) - Vi Max Postpaid | Prepaid | Vi Games & More - Regression Tests","Regression Test Suite","",""
"","5507","Verify that Get your Vi Sim Online and Enjoy Free Delivery | Choose Your Plan Today loads successfully @regression","firefox","2026-06-12","passed","2026-06-12","https://www.myvi.in/ - Get your Vi Sim Online and Enjoy Free Delivery | Choose Your Plan Today - Regression Tests","Regression Test Suite","",""
"","4266","Verify that 37 Inputs are present on Vi FASTag Recharge Online | Instant Recharge @regression","firefox","2026-06-12","passed","2026-06-12","https://www.myvi.in/ - Vi FASTag Recharge Online | Instant Recharge - Regression Tests","Regression Test Suite","",""
"","12959","Verify that 1 Menu is present on Vi Electricity Bill Payment | Quick & Secure Online Payment @regression","chromium","2026-06-12","failed","2026-06-12","https://www.myvi.in/ - Vi Electricity Bill Payment | Quick & Secure Online Payment - Regression Tests","Regression Test Suite","",""
"","9188","Verify that 3 Menus are present on Privacy Policy | Vi @regression","firefox","2026-06-12","failed","2026-06-12","https://www.myvi.in/ - Privacy Policy | Vi - Regression Tests","Regression Test Suite","",""
"","6598","Verify that 1 Input is present on Explore the Best Prepaid Plans – Top Prepaid Recharge Options | Vi India @regression","firefox","2026-06-12","passed","2026-06-12","https://www.myvi.in/ - Explore the Best Prepaid Plans – Top Prepaid Recharge Options | Vi India - Regression Tests","Regression Test Suite","",""
"","10355","Verify that 158 Links are present on Pay for Insurance Online with Vi – Fast & Secure Payment @regression","firefox","2026-06-12","failed","2026-06-12","https://www.myvi.in/ - Pay for Insurance Online with Vi – Fast & Secure Payment - Regression Tests","Regression Test Suite","",""
"","14899","Verify that 158 Links are present on Credit Card Bill Payment – Quick & Secure Online Bill Payments | Vi @regression","firefox","2026-06-12","failed","2026-06-12","https://www.myvi.in/ - Credit Card Bill Payment – Quick & Secure Online Bill Payments | Vi - Regression Tests","Regression Test Suite","",""
"","7801","Verify that 3 Menus are present on Pay Vi Postpaid Bill Online - Quick & Secure | Vi India @regression","chromium","2026-06-12","failed","2026-06-12","https://www.myvi.in/ - Pay Vi Postpaid Bill Online - Quick & Secure | Vi India - Regression Tests","Regression Test Suite","",""
"","19944","Verify that Credit Card Bill Payment – Quick & Secure Online Bill Payments | Vi loads successfully @regression","chromium","2026-06-12","passed","2026-06-12","https://www.myvi.in/ - Credit Card Bill Payment – Quick & Secure Online Bill Payments | Vi - Regression Tests","Regression Test Suite","",""
"","8126","Verify that 15 Buttons are present on Vi Utility Bill Payments | Water, Gas, Electricity & More @regression","chromium","2026-06-12","passed","2026-06-12","https://www.myvi.in/ - Vi Utility Bill Payments | Water, Gas, Electricity & More - Regression Tests","Regression Test Suite","",""
"","7188","Verify that 26 Buttons are present on Vi Max Family Plans | Best Postpaid Plan for Family | Postpaid Family Plans @regression","firefox","2026-06-12","failed","2026-06-12","https://www.myvi.in/ - Vi Max Family Plans | Best Postpaid Plan for Family | Postpaid Family Plans - Regression Tests","Regression Test Suite","",""
"","13719","Verify that 2 Menus are present on Vi Postpaid Plans with Unlimited Calls & Data | Vi India @regression","chromium","2026-06-12","failed","2026-06-12","https://www.myvi.in/ - Vi Postpaid Plans with Unlimited Calls & Data | Vi India - Regression Tests","Regression Test Suite","",""
"","7803","Verify that 3 Menus are present on Pay Vi Postpaid Bill Online - Quick & Secure | Vi India @regression","webkit","2026-06-12","failed","2026-06-12","https://www.myvi.in/ - Pay Vi Postpaid Bill Online - Quick & Secure | Vi India - Regression Tests","Regression Test Suite","",""
"","4542","Verify that 101 Inputs are present on Plan Selection Page @regression","webkit","2026-06-12","passed","2026-06-12","https://www.myvi.in/ - Plan Selection Page - Regression Tests","Regression Test Suite","",""
"","13956","Verify that 1 Menu is present on Credit Card Bill Payment – Quick & Secure Online Bill Payments | Vi @regression","firefox","2026-06-12","failed","2026-06-12","https://www.myvi.in/ - Credit Card Bill Payment – Quick & Secure Online Bill Payments | Vi - Regression Tests","Regression Test Suite","",""
"","5362","Verify that 29 Buttons are present on Online Mobile Recharge - Best Prepaid Plans & Top-Ups | Vi India @regression","firefox","2026-06-12","passed","2026-06-12","https://www.myvi.in/ - Online Mobile Recharge - Best Prepaid Plans & Top-Ups | Vi India - Regression Tests","Regression Test Suite","",""
"","8578","Verify that Pay for Insurance Online with Vi – Fast & Secure Payment loads successfully @regression","chromium","2026-06-12","passed","2026-06-12","https://www.myvi.in/ - Pay for Insurance Online with Vi – Fast & Secure Payment - Regression Tests","Regression Test Suite","",""
"","2755","Verify that Investors Support Information Of Vi (Vodafone Idea Limited) loads successfully @regression","firefox","2026-06-12","passed","2026-06-12","https://www.myvi.in/ - Investors Support Information Of Vi (Vodafone Idea Limited) - Regression Tests","Regression Test Suite","",""
"","9504","Verify that 1 Menu is present on Vi (Vodafone Idea) Customer Care Number | Vi Complaint & Helpline Number @regression","firefox","2026-06-12","failed","2026-06-12","https://www.myvi.in/ - Vi (Vodafone Idea) Customer Care Number | Vi Complaint & Helpline Number - Regression Tests","Regression Test Suite","",""
"","13879","Verify that 13 Headings are present on Get your Vi Sim Online and Enjoy Free Delivery | Choose Your Plan Today @regression","chromium","2026-06-12","failed","2026-06-12","https://www.myvi.in/ - Get your Vi Sim Online and Enjoy Free Delivery | Choose Your Plan Today - Regression Tests","Regression Test Suite","",""
"","10443","Verify that 3 Headings are present on Register for Postpaid EBill Online | Vi @regression","firefox","2026-06-12","failed","2026-06-12","https://www.myvi.in/ - Register for Postpaid EBill Online | Vi - Regression Tests","Regression Test Suite","",""
"","7840","Verify that 39 Headings are present on Privacy Policy | Vi @regression","chromium","2026-06-12","passed","2026-06-12","https://www.myvi.in/ - Privacy Policy | Vi - Regression Tests","Regression Test Suite","",""
"","4520","Verify that 1 Input is present on Best Vi SMS Packs and SMS Plans for Prepaid Recharge|Vi India @regression","chromium","2026-06-12","passed","2026-06-12","https://www.myvi.in/ - Best Vi SMS Packs and SMS Plans for Prepaid Recharge|Vi India - Regression Tests","Regression Test Suite","",""
"","3438","Verify that 4 Buttons are present on SonyLIV Subscription Plans with Vi | Watch Movies, Shows & Sports @regression","firefox","2026-06-12","passed","2026-06-12","https://www.myvi.in/ - SonyLIV Subscription Plans with Vi | Watch Movies, Shows & Sports - Regression Tests","Regression Test Suite","",""
"","7224","Verify that 95 Links are present on Vi Prepaid Talktime and Top-Up Plans| Easy Online Mobile Recharge @regression","webkit","2026-06-12","failed","2026-06-12","https://www.myvi.in/ - Vi Prepaid Talktime and Top-Up Plans| Easy Online Mobile Recharge - Regression Tests","Regression Test Suite","",""
"","9102","Verify that 54 Inputs are present on Get a New Vi Prepaid SIM Card in 3 Simple Steps - Buy New Sim @regression","chromium","2026-06-12","failed","2026-06-12","https://www.myvi.in/ - Get a New Vi Prepaid SIM Card in 3 Simple Steps - Buy New Sim - Regression Tests","Regression Test Suite","",""
"","10166","Verify that 104 Links are present on Explore the Best Prepaid Plans – Top Prepaid Recharge Options | Vi India @regression","chromium","2026-06-12","failed","2026-06-12","https://www.myvi.in/ - Explore the Best Prepaid Plans – Top Prepaid Recharge Options | Vi India - Regression Tests","Regression Test Suite","",""
"","3522","Verify that 29 Buttons are present on Online Mobile Recharge - Best Prepaid Plans & Top-Ups | Vi India @regression","chromium","2026-06-12","passed","2026-06-12","https://www.myvi.in/ - Online Mobile Recharge - Best Prepaid Plans & Top-Ups | Vi India - Regression Tests","Regression Test Suite","",""
"","9795","Verify that 3 Menus are present on Vodafone Idea Foundation – An initiative to change India with Mobile Technology @regression","chromium","2026-06-12","failed","2026-06-12","https://www.myvi.in/ - Vodafone Idea Foundation – An initiative to change India with Mobile Technology - Regression Tests","Regression Test Suite","",""
"","3874","Verify that 1 Heading is present on Vi Loan EMI Payment | Quick & Secure Online Payment @regression","webkit","2026-06-12","passed","2026-06-12","https://www.myvi.in/ - Vi Loan EMI Payment | Quick & Secure Online Payment - Regression Tests","Regression Test Suite","",""
"","9759","Verify that 1 Menu is present on Vi (Vodafone Idea) Customer Care Number | Vi Complaint & Helpline Number @regression","webkit","2026-06-12","failed","2026-06-12","https://www.myvi.in/ - Vi (Vodafone Idea) Customer Care Number | Vi Complaint & Helpline Number - Regression Tests","Regression Test Suite","",""
"","4263","Verify that 4 Headings are present on Vi Utility Bill Payments | Water, Gas, Electricity & More @regression","webkit","2026-06-12","passed","2026-06-12","https://www.myvi.in/ - Vi Utility Bill Payments | Water, Gas, Electricity & More - Regression Tests","Regression Test Suite","",""
"","11318","Verify that 40 Inputs are present on How to Activate Vi eSIM Card – Easy Online Setup & Steps | Vi India @regression","chromium","2026-06-12","passed","2026-06-12","https://www.myvi.in/ - How to Activate Vi eSIM Card – Easy Online Setup & Steps | Vi India - Regression Tests","Regression Test Suite","",""
"","11644","Verify that 1 Menu is present on Vi Loan EMI Payment | Quick & Secure Online Payment @regression","chromium","2026-06-12","failed","2026-06-12","https://www.myvi.in/ - Vi Loan EMI Payment | Quick & Secure Online Payment - Regression Tests","Regression Test Suite","",""
"","5393","Verify that Investors Support Information Of Vi (Vodafone Idea Limited) loads successfully @regression","chromium","2026-06-12","passed","2026-06-12","https://www.myvi.in/ - Investors Support Information Of Vi (Vodafone Idea Limited) - Regression Tests","Regression Test Suite","",""
"","28547","Verify that 1 Heading is present on Vi Electricity Bill Payment | Quick & Secure Online Payment @regression","chromium","2026-06-12","passed","2026-06-12","https://www.myvi.in/ - Vi Electricity Bill Payment | Quick & Secure Online Payment - Regression Tests","Regression Test Suite","",""
"","4469","Verify that 1 Input is present on Vi Data Packs - Mobile Data Recharge Plans | Vi India @regression","webkit","2026-06-12","passed","2026-06-12","https://www.myvi.in/ - Vi Data Packs - Mobile Data Recharge Plans | Vi India - Regression Tests","Regression Test Suite","",""
"","9318","Verify that 5 Buttons are present on Plan Selection Page @regression","webkit","2026-06-12","failed","2026-06-12","https://www.myvi.in/ - Plan Selection Page - Regression Tests","Regression Test Suite","",""
"","5049","Verify that 1 Form is present on Vi Unlimited Data, Calls & Internet Plans – Choose Vi Unlimited Plans Today @regression","webkit","2026-06-12","passed","2026-06-12","https://www.myvi.in/ - Vi Unlimited Data, Calls & Internet Plans – Choose Vi Unlimited Plans Today - Regression Tests","Regression Test Suite","",""
"","10797","Verify that 2 Menus are present on Buy a New Vi 4g SIM Card Online and Get a Free Delivery @regression","chromium","2026-06-12","failed","2026-06-12","https://www.myvi.in/ - Buy a New Vi 4g SIM Card Online and Get a Free Delivery - Regression Tests","Regression Test Suite","",""
"","5560","Verify that 1 Heading is present on Vi Official Videos: Tips, Products & Updates @regression","chromium","2026-06-12","passed","2026-06-12","https://www.myvi.in/ - Vi Official Videos: Tips, Products & Updates - Regression Tests","Regression Test Suite","",""
"","2888","Verify that Vodafone Idea News (Vi): Latest Vi News, Press Releases &amp; Updates loads successfully @regression","webkit","2026-06-12","passed","2026-06-12","https://www.myvi.in/ - Vodafone Idea News (Vi): Latest Vi News, Press Releases &amp; Updates - Regression Tests","Regression Test Suite","",""
"","10250","Verify that 2 Menus are present on Vi Postpaid Auto Bill Payment - Setup & Manage Automatic Payments @regression","webkit","2026-06-12","failed","2026-06-12","https://www.myvi.in/ - Vi Postpaid Auto Bill Payment - Setup & Manage Automatic Payments - Regression Tests","Regression Test Suite","",""
"","12605","Verify that 164 Links are present on About Vi - India's Largest Telecom Company @regression","chromium","2026-06-12","failed","2026-06-12","https://www.myvi.in/ - About Vi - India's Largest Telecom Company - Regression Tests","Regression Test Suite","",""
"","14968","Verify that 162 Links are present on VoLTE | 4G VoLTE Calls - (Voice Over LTE) for HD Voice Calls | Vi @regression","chromium","2026-06-12","failed","2026-06-12","https://www.myvi.in/ - VoLTE | 4G VoLTE Calls - (Voice Over LTE) for HD Voice Calls | Vi - Regression Tests","Regression Test Suite","",""
"","6861","Verify that 9 Buttons are present on Get your Vi Sim Online and Enjoy Free Delivery | Choose Your Plan Today @regression","chromium","2026-06-12","passed","2026-06-12","https://www.myvi.in/ - Get your Vi Sim Online and Enjoy Free Delivery | Choose Your Plan Today - Regression Tests","Regression Test Suite","",""
"","11716","Verify that 179 Links are present on Vi Business - B2B: Mobility, Connectivity, Security, IoT & Cloud @regression","webkit","2026-06-12","failed","2026-06-12","https://www.myvi.in/ - Vi Business - B2B: Mobility, Connectivity, Security, IoT & Cloud - Regression Tests","Regression Test Suite","",""
"","5076","Verify that 19 Buttons are present on Vi FASTag Recharge Online | Instant Recharge @regression","chromium","2026-06-12","passed","2026-06-12","https://www.myvi.in/ - Vi FASTag Recharge Online | Instant Recharge - Regression Tests","Regression Test Suite","",""
"","5500","Verify that 4 Buttons are present on SonyLIV Subscription Plans with Vi | Watch Movies, Shows & Sports @regression","webkit","2026-06-12","passed","2026-06-12","https://www.myvi.in/ - SonyLIV Subscription Plans with Vi | Watch Movies, Shows & Sports - Regression Tests","Regression Test Suite","",""
"","5744","Verify that WiFi Calling on Vi: Choose VoWiFi for Better Voice Quality loads successfully @regression","chromium","2026-06-12","passed","2026-06-12","https://www.myvi.in/ - WiFi Calling on Vi: Choose VoWiFi for Better Voice Quality - Regression Tests","Regression Test Suite","",""
"","9940","Verify that 158 Links are present on Credit Card Bill Payment – Quick & Secure Online Bill Payments | Vi @regression","webkit","2026-06-12","failed","2026-06-12","https://www.myvi.in/ - Credit Card Bill Payment – Quick & Secure Online Bill Payments | Vi - Regression Tests","Regression Test Suite","",""
"","9715","Verify that 164 Links are present on About Vi - India's Largest Telecom Company @regression","webkit","2026-06-12","failed","2026-06-12","https://www.myvi.in/ - About Vi - India's Largest Telecom Company - Regression Tests","Regression Test Suite","",""
"","2814","Verify that 1 Form is present on Privacy Policy | Vi @regression","firefox","2026-06-12","passed","2026-06-12","https://www.myvi.in/ - Privacy Policy | Vi - Regression Tests","Regression Test Suite","",""
"","4085","Verify that 24 Headings are present on Vi (Vodafone Idea) Careers | Explore Career Opportunities at Vodafone Idea (Vi) @regression","chromium","2026-06-12","passed","2026-06-12","https://www.myvi.in/ - Vi (Vodafone Idea) Careers | Explore Career Opportunities at Vodafone Idea (Vi) - Regression Tests","Regression Test Suite","",""
"","11092","Verify that 158 Links are present on Vi Electricity Bill Payment | Quick & Secure Online Payment @regression","firefox","2026-06-12","failed","2026-06-12","https://www.myvi.in/ - Vi Electricity Bill Payment | Quick & Secure Online Payment - Regression Tests","Regression Test Suite","",""
"","3367","Verify that 1 Form is present on Buy Fancy Numbers Online - Choose Premium VIP Number or Free Options |Vi India @regression","firefox","2026-06-12","passed","2026-06-12","https://www.myvi.in/ - Buy Fancy Numbers Online - Choose Premium VIP Number or Free Options |Vi India - Regression Tests","Regression Test Suite","",""
"","6860","Verify that Privacy Policy | Vi loads successfully @regression","firefox","2026-06-12","passed","2026-06-12","https://www.myvi.in/ - Privacy Policy | Vi - Regression Tests","Regression Test Suite","",""
"","3879","Verify that 3 Inputs are present on Online Mobile Recharge - Best Prepaid Plans & Top-Ups | Vi India @regression","webkit","2026-06-12","passed","2026-06-12","https://www.myvi.in/ - Online Mobile Recharge - Best Prepaid Plans & Top-Ups | Vi India - Regression Tests","Regression Test Suite","",""
"","8828","Verify that 55 Inputs are present on Check Vi SIM Status Online | Track Your Connection & Orders @regression","firefox","2026-06-12","failed","2026-06-12","https://www.myvi.in/ - Check Vi SIM Status Online | Track Your Connection & Orders - Regression Tests","Regression Test Suite","",""
"","8686","Verify that 30 Buttons are present on Vi Product & Services FAQs, Frequently Asked Questions @regression","chromium","2026-06-12","passed","2026-06-12","https://www.myvi.in/ - Vi Product & Services FAQs, Frequently Asked Questions - Regression Tests","Regression Test Suite","",""
"","20523","Verify that 26 Buttons are present on Vi Max Family Plans | Best Postpaid Plan for Family | Postpaid Family Plans @regression","chromium","2026-06-12","failed","2026-06-12","https://www.myvi.in/ - Vi Max Family Plans | Best Postpaid Plan for Family | Postpaid Family Plans - Regression Tests","Regression Test Suite","",""
"","9380","Verify that 3 Menus are present on Vi Blog | Get Latest News & Information on Vi Network @regression","chromium","2026-06-12","failed","2026-06-12","https://www.myvi.in/ - Vi Blog | Get Latest News & Information on Vi Network - Regression Tests","Regression Test Suite","",""
"","8963","Verify that Vi Giganet: A smart network powered with AI from Vi loads successfully @regression","chromium","2026-06-12","passed","2026-06-12","https://www.myvi.in/ - Vi Giganet: A smart network powered with AI from Vi - Regression Tests","Regression Test Suite","",""
"","9060","Verify that 12 Headings are present on Vi Product & Services FAQs, Frequently Asked Questions @regression","chromium","2026-06-12","passed","2026-06-12","https://www.myvi.in/ - Vi Product & Services FAQs, Frequently Asked Questions - Regression Tests","Regression Test Suite","",""
"","6808","Verify that Vi Max Family Plans | Best Postpaid Plan for Family | Postpaid Family Plans loads successfully @regression","firefox","2026-06-12","passed","2026-06-12","https://www.myvi.in/ - Vi Max Family Plans | Best Postpaid Plan for Family | Postpaid Family Plans - Regression Tests","Regression Test Suite","",""
"","10672","Verify that 2 Menus are present on Vi Official Videos: Tips, Products & Updates @regression","chromium","2026-06-12","failed","2026-06-12","https://www.myvi.in/ - Vi Official Videos: Tips, Products & Updates - Regression Tests","Regression Test Suite","",""
"","8966","Verify that 185 Links are present on Privacy Policy | Vi @regression","firefox","2026-06-12","failed","2026-06-12","https://www.myvi.in/ - Privacy Policy | Vi - Regression Tests","Regression Test Suite","",""
"","6961","Verify that Get a New Vi Prepaid SIM Card in 3 Simple Steps - Buy New Sim loads successfully @regression","webkit","2026-06-12","passed","2026-06-12","https://www.myvi.in/ - Get a New Vi Prepaid SIM Card in 3 Simple Steps - Buy New Sim - Regression Tests","Regression Test Suite","",""
"","7228","Verify that 3 Menus are present on Vi Unlimited Data, Calls & Internet Plans – Choose Vi Unlimited Plans Today @regression","webkit","2026-06-12","failed","2026-06-12","https://www.myvi.in/ - Vi Unlimited Data, Calls & Internet Plans – Choose Vi Unlimited Plans Today - Regression Tests","Regression Test Suite","",""
"","5764","Verify that 53 Headings are present on How to Activate Vi eSIM Card – Easy Online Setup & Steps | Vi India @regression","webkit","2026-06-12","passed","2026-06-12","https://www.myvi.in/ - How to Activate Vi eSIM Card – Easy Online Setup & Steps | Vi India - Regression Tests","Regression Test Suite","",""
"","6541","Verify that 4 Forms are present on Enjoy Netflix Subscription Plans with Vi at No Extra Cost @regression","firefox","2026-06-12","passed","2026-06-12","https://www.myvi.in/ - Enjoy Netflix Subscription Plans with Vi at No Extra Cost - Regression Tests","Regression Test Suite","",""
"","9570","Verify that 2 Menus are present on VoLTE | 4G VoLTE Calls - (Voice Over LTE) for HD Voice Calls | Vi @regression","webkit","2026-06-12","failed","2026-06-12","https://www.myvi.in/ - VoLTE | 4G VoLTE Calls - (Voice Over LTE) for HD Voice Calls | Vi - Regression Tests","Regression Test Suite","",""
"","9965","Verify that 99 Links are present on Get Free Night Data & Binge Your Shows with Hero Unlimited | Vi-5G @regression","firefox","2026-06-12","failed","2026-06-12","https://www.myvi.in/ - Get Free Night Data & Binge Your Shows with Hero Unlimited | Vi-5G - Regression Tests","Regression Test Suite","",""
"","7874","Verify that All OTT in One App - OTT Subscription Plans | Vi Movies & TV loads successfully @regression","webkit","2026-06-12","passed","2026-06-12","https://www.myvi.in/ - All OTT in One App - OTT Subscription Plans | Vi Movies & TV - Regression Tests","Regression Test Suite","",""
"","17015","Verify that 45 Inputs are present on Vi Business - B2B: Mobility, Connectivity, Security, IoT & Cloud @regression","chromium","2026-06-12","failed","2026-06-12","https://www.myvi.in/ - Vi Business - B2B: Mobility, Connectivity, Security, IoT & Cloud - Regression Tests","Regression Test Suite","",""
"","9285","Verify that Vi 5G Network in India – Explore Plans, SIM & Coverage Map | Vi India loads successfully @regression","chromium","2026-06-12","passed","2026-06-12","https://www.myvi.in/ - Vi 5G Network in India – Explore Plans, SIM & Coverage Map | Vi India - Regression Tests","Regression Test Suite","",""
"","4434","Verify that 9 Buttons are present on Get your Vi Sim Online and Enjoy Free Delivery | Choose Your Plan Today @regression","webkit","2026-06-12","passed","2026-06-12","https://www.myvi.in/ - Get your Vi Sim Online and Enjoy Free Delivery | Choose Your Plan Today - Regression Tests","Regression Test Suite","",""
"","22118","Verify that Vodafone Idea Foundation – An initiative to change India with Mobile Technology loads successfully @regression","chromium","2026-06-12","passed","2026-06-12","https://www.myvi.in/ - Vodafone Idea Foundation – An initiative to change India with Mobile Technology - Regression Tests","Regression Test Suite","",""
"","5353","Verify that 4 Tables are present on Vi (Vodafone Idea) Customer Care Number | Vi Complaint & Helpline Number @regression","firefox","2026-06-12","passed","2026-06-12","https://www.myvi.in/ - Vi (Vodafone Idea) Customer Care Number | Vi Complaint & Helpline Number - Regression Tests","Regression Test Suite","",""
"","7250","Verify that Vi Product & Services FAQs, Frequently Asked Questions loads successfully @regression","firefox","2026-06-12","passed","2026-06-12","https://www.myvi.in/ - Vi Product & Services FAQs, Frequently Asked Questions - Regression Tests","Regression Test Suite","",""
"","21591","Verify that How to Activate Vi eSIM Card – Easy Online Setup & Steps | Vi India loads successfully @regression","chromium","2026-06-12","passed","2026-06-12","https://www.myvi.in/ - How to Activate Vi eSIM Card – Easy Online Setup & Steps | Vi India - Regression Tests","Regression Test Suite","",""
"","7177","Verify that 3 Inputs are present on WiFi Calling on Vi: Choose VoWiFi for Better Voice Quality @regression","webkit","2026-06-12","failed","2026-06-12","https://www.myvi.in/ - WiFi Calling on Vi: Choose VoWiFi for Better Voice Quality - Regression Tests","Regression Test Suite","",""
"","13723","Verify that 179 Links are present on Vi Business - B2B: Mobility, Connectivity, Security, IoT & Cloud @regression","firefox","2026-06-12","failed","2026-06-12","https://www.myvi.in/ - Vi Business - B2B: Mobility, Connectivity, Security, IoT & Cloud - Regression Tests","Regression Test Suite","",""
"","13319","Verify that 10 Headings are present on Vi 5G Network in India – Explore Plans, SIM & Coverage Map | Vi India @regression","chromium","2026-06-12","passed","2026-06-12","https://www.myvi.in/ - Vi 5G Network in India – Explore Plans, SIM & Coverage Map | Vi India - Regression Tests","Regression Test Suite","",""
"","13848","Verify that 2 Menus are present on All OTT in One App - OTT Subscription Plans | Vi Movies & TV @regression","firefox","2026-06-12","failed","2026-06-12","https://www.myvi.in/ - All OTT in One App - OTT Subscription Plans | Vi Movies & TV - Regression Tests","Regression Test Suite","",""
"","3269","Verify that 45 Links are present on Investors Support Information Of Vi (Vodafone Idea Limited) @regression","chromium","2026-06-12","passed","2026-06-12","https://www.myvi.in/ - Investors Support Information Of Vi (Vodafone Idea Limited) - Regression Tests","Regression Test Suite","",""
"","6508","Verify that Buy a New Vi 4g SIM Card Online and Get a Free Delivery loads successfully @regression","chromium","2026-06-12","passed","2026-06-12","https://www.myvi.in/ - Buy a New Vi 4g SIM Card Online and Get a Free Delivery - Regression Tests","Regression Test Suite","",""
"","5793","Verify that 16 Buttons are present on Register for Postpaid EBill Online | Vi @regression","chromium","2026-06-12","passed","2026-06-12","https://www.myvi.in/ - Register for Postpaid EBill Online | Vi - Regression Tests","Regression Test Suite","",""
"","8415","Verify that 3 Menus are present on Explore the Best Prepaid Plans – Top Prepaid Recharge Options | Vi India @regression","chromium","2026-06-12","failed","2026-06-12","https://www.myvi.in/ - Explore the Best Prepaid Plans – Top Prepaid Recharge Options | Vi India - Regression Tests","Regression Test Suite","",""
"","4692","Verify that WiFi Calling on Vi: Choose VoWiFi for Better Voice Quality loads successfully @regression","firefox","2026-06-12","passed","2026-06-12","https://www.myvi.in/ - WiFi Calling on Vi: Choose VoWiFi for Better Voice Quality - Regression Tests","Regression Test Suite","",""
"","3919","Verify that Vi Data Packs - Mobile Data Recharge Plans | Vi India loads successfully @regression","webkit","2026-06-12","passed","2026-06-12","https://www.myvi.in/ - Vi Data Packs - Mobile Data Recharge Plans | Vi India - Regression Tests","Regression Test Suite","",""
"","9804","Verify that 25 Headings are present on Check Vi SIM Status Online | Track Your Connection & Orders @regression","webkit","2026-06-12","failed","2026-06-12","https://www.myvi.in/ - Check Vi SIM Status Online | Track Your Connection & Orders - Regression Tests","Regression Test Suite","",""
"","10720","Verify that VoLTE | 4G VoLTE Calls - (Voice Over LTE) for HD Voice Calls | Vi loads successfully @regression","chromium","2026-06-12","passed","2026-06-12","https://www.myvi.in/ - VoLTE | 4G VoLTE Calls - (Voice Over LTE) for HD Voice Calls | Vi - Regression Tests","Regression Test Suite","",""
"","3878","Verify that 12 Headings are present on Investors Support Information Of Vi (Vodafone Idea Limited) @regression","webkit","2026-06-12","passed","2026-06-12","https://www.myvi.in/ - Investors Support Information Of Vi (Vodafone Idea Limited) - Regression Tests","Regression Test Suite","",""
"","11924","Verify that 2 Menus are present on Vi International Roaming Packs (2026) - Stay Connected Abroad | Vi India @regression","webkit","2026-06-12","failed","2026-06-12","https://www.myvi.in/ - Vi International Roaming Packs (2026) - Stay Connected Abroad | Vi India - Regression Tests","Regression Test Suite","",""
"","4616","Verify that 14 Buttons are present on Vi (Vodafone Idea) Customer Care Number | Vi Complaint & Helpline Number @regression","webkit","2026-06-12","passed","2026-06-12","https://www.myvi.in/ - Vi (Vodafone Idea) Customer Care Number | Vi Complaint & Helpline Number - Regression Tests","Regression Test Suite","",""
"","6820","Verify that 4 Headings are present on Vi Utility Bill Payments | Water, Gas, Electricity & More @regression","firefox","2026-06-12","passed","2026-06-12","https://www.myvi.in/ - Vi Utility Bill Payments | Water, Gas, Electricity & More - Regression Tests","Regression Test Suite","",""
"","3777","Verify that Vi Giganet: A smart network powered with AI from Vi loads successfully @regression","webkit","2026-06-12","passed","2026-06-12","https://www.myvi.in/ - Vi Giganet: A smart network powered with AI from Vi - Regression Tests","Regression Test Suite","",""
"","14290","Verify that 172 Links are present on Vi (Vodafone Idea) Customer Care Number | Vi Complaint & Helpline Number @regression","firefox","2026-06-12","failed","2026-06-12","https://www.myvi.in/ - Vi (Vodafone Idea) Customer Care Number | Vi Complaint & Helpline Number - Regression Tests","Regression Test Suite","",""
"","10356","Verify that 46 Headings are present on Enjoy Netflix Subscription Plans with Vi at No Extra Cost @regression","webkit","2026-06-12","failed","2026-06-12","https://www.myvi.in/ - Enjoy Netflix Subscription Plans with Vi at No Extra Cost - Regression Tests","Regression Test Suite","",""
"","2749","Verify that 2 Buttons are present on Pay Vi Postpaid Bill Online - Quick & Secure | Vi India @regression","firefox","2026-06-12","passed","2026-06-12","https://www.myvi.in/ - Pay Vi Postpaid Bill Online - Quick & Secure | Vi India - Regression Tests","Regression Test Suite","",""
"","4624","Verify that 41 Inputs are present on Vi Official Videos: Tips, Products & Updates @regression","webkit","2026-06-12","passed","2026-06-12","https://www.myvi.in/ - Vi Official Videos: Tips, Products & Updates - Regression Tests","Regression Test Suite","",""
"","7103","Verify that 8 Headings are present on Vi Giganet: A smart network powered with AI from Vi @regression","firefox","2026-06-12","failed","2026-06-12","https://www.myvi.in/ - Vi Giganet: A smart network powered with AI from Vi - Regression Tests","Regression Test Suite","",""
"","8058","Verify that 3 Headings are present on About Vi - India's Largest Telecom Company @regression","chromium","2026-06-12","passed","2026-06-12","https://www.myvi.in/ - About Vi - India's Largest Telecom Company - Regression Tests","Regression Test Suite","",""
"","5551","Verify that 1 Form is present on Vi Prepaid Talktime and Top-Up Plans| Easy Online Mobile Recharge @regression","chromium","2026-06-12","passed","2026-06-12","https://www.myvi.in/ - Vi Prepaid Talktime and Top-Up Plans| Easy Online Mobile Recharge - Regression Tests","Regression Test Suite","",""
"","3466","Verify that 19 Headings are present on Vodafone Idea Foundation – An initiative to change India with Mobile Technology @regression","webkit","2026-06-12","passed","2026-06-12","https://www.myvi.in/ - Vodafone Idea Foundation – An initiative to change India with Mobile Technology - Regression Tests","Regression Test Suite","",""
"","9586","Verify that 9 Buttons are present on Check Vi SIM Status Online | Track Your Connection & Orders @regression","webkit","2026-06-12","failed","2026-06-12","https://www.myvi.in/ - Check Vi SIM Status Online | Track Your Connection & Orders - Regression Tests","Regression Test Suite","",""
"","3683","Verify that Online Mobile Recharge - Best Prepaid Plans & Top-Ups | Vi India loads successfully @regression","webkit","2026-06-12","passed","2026-06-12","https://www.myvi.in/ - Online Mobile Recharge - Best Prepaid Plans & Top-Ups | Vi India - Regression Tests","Regression Test Suite","",""
"","3684","Verify that 16 Buttons are present on Register for Postpaid EBill Online | Vi @regression","webkit","2026-06-12","passed","2026-06-12","https://www.myvi.in/ - Register for Postpaid EBill Online | Vi - Regression Tests","Regression Test Suite","",""
"","8309","Verify that 94 Links are present on Best Vi SMS Packs and SMS Plans for Prepaid Recharge|Vi India @regression","firefox","2026-06-12","failed","2026-06-12","https://www.myvi.in/ - Best Vi SMS Packs and SMS Plans for Prepaid Recharge|Vi India - Regression Tests","Regression Test Suite","",""
"","5326","Verify that 1 Heading is present on Pay for Insurance Online with Vi – Fast & Secure Payment @regression","chromium","2026-06-12","passed","2026-06-12","https://www.myvi.in/ - Pay for Insurance Online with Vi – Fast & Secure Payment - Regression Tests","Regression Test Suite","",""
"","7374","Verify that 49 Buttons are present on Vi Postpaid Plans with Unlimited Calls & Data | Vi India @regression","chromium","2026-06-12","passed","2026-06-12","https://www.myvi.in/ - Vi Postpaid Plans with Unlimited Calls & Data | Vi India - Regression Tests","Regression Test Suite","",""
"","3913","Verify that Vi (Vodafone Idea) Careers | Explore Career Opportunities at Vodafone Idea (Vi) loads successfully @regression","webkit","2026-06-12","passed","2026-06-12","https://www.myvi.in/ - Vi (Vodafone Idea) Careers | Explore Career Opportunities at Vodafone Idea (Vi) - Regression Tests","Regression Test Suite","",""
"","22201","Verify that 58 Buttons are present on All OTT in One App - OTT Subscription Plans | Vi Movies & TV @regression","firefox","2026-06-12","passed","2026-06-12","https://www.myvi.in/ - All OTT in One App - OTT Subscription Plans | Vi Movies & TV - Regression Tests","Regression Test Suite","",""
"","6966","Verify that 1 Heading is present on Vi Loan EMI Payment | Quick & Secure Online Payment @regression","chromium","2026-06-12","passed","2026-06-12","https://www.myvi.in/ - Vi Loan EMI Payment | Quick & Secure Online Payment - Regression Tests","Regression Test Suite","",""
"","10043","Verify that 1 Menu is present on Credit Card Bill Payment – Quick & Secure Online Bill Payments | Vi @regression","chromium","2026-06-12","failed","2026-06-12","https://www.myvi.in/ - Credit Card Bill Payment – Quick & Secure Online Bill Payments | Vi - Regression Tests","Regression Test Suite","",""
"","5389","Verify that 49 Buttons are present on Vi Postpaid Plans with Unlimited Calls & Data | Vi India @regression","webkit","2026-06-12","passed","2026-06-12","https://www.myvi.in/ - Vi Postpaid Plans with Unlimited Calls & Data | Vi India - Regression Tests","Regression Test Suite","",""
"","9651","Verify that 2 Menus are present on Check Vi SIM Status Online | Track Your Connection & Orders @regression","webkit","2026-06-12","failed","2026-06-12","https://www.myvi.in/ - Check Vi SIM Status Online | Track Your Connection & Orders - Regression Tests","Regression Test Suite","",""
"","5285","Verify that 10 Headings are present on Vi 5G Network in India – Explore Plans, SIM & Coverage Map | Vi India @regression","firefox","2026-06-12","passed","2026-06-12","https://www.myvi.in/ - Vi 5G Network in India – Explore Plans, SIM & Coverage Map | Vi India - Regression Tests","Regression Test Suite","",""
"","4183","Verify that 2 Forms are present on Vi Electricity Bill Payment | Quick & Secure Online Payment @regression","webkit","2026-06-12","passed","2026-06-12","https://www.myvi.in/ - Vi Electricity Bill Payment | Quick & Secure Online Payment - Regression Tests","Regression Test Suite","",""
"","7628","Verify that 86 Buttons are present on Vi Business - B2B: Mobility, Connectivity, Security, IoT & Cloud @regression","webkit","2026-06-12","passed","2026-06-12","https://www.myvi.in/ - Vi Business - B2B: Mobility, Connectivity, Security, IoT & Cloud - Regression Tests","Regression Test Suite","",""
"","7133","Verify that Vi Loan EMI Payment | Quick & Secure Online Payment loads successfully @regression","firefox","2026-06-12","passed","2026-06-12","https://www.myvi.in/ - Vi Loan EMI Payment | Quick & Secure Online Payment - Regression Tests","Regression Test Suite","",""
"","7118","Verify that 1 Form is present on VoLTE | 4G VoLTE Calls - (Voice Over LTE) for HD Voice Calls | Vi @regression","chromium","2026-06-12","passed","2026-06-12","https://www.myvi.in/ - VoLTE | 4G VoLTE Calls - (Voice Over LTE) for HD Voice Calls | Vi - Regression Tests","Regression Test Suite","",""
"","4927","Verify that Vi Giganet: A smart network powered with AI from Vi loads successfully @regression","firefox","2026-06-12","passed","2026-06-12","https://www.myvi.in/ - Vi Giganet: A smart network powered with AI from Vi - Regression Tests","Regression Test Suite","",""
"","35124","Verify that 163 Links are present on Vi Postpaid Auto Bill Payment - Setup & Manage Automatic Payments @regression","chromium","2026-06-12","broken","2026-06-12","https://www.myvi.in/ - Vi Postpaid Auto Bill Payment - Setup & Manage Automatic Payments - Regression Tests","Regression Test Suite","",""
"","9454","Verify that 22 Headings are present on VoLTE | 4G VoLTE Calls - (Voice Over LTE) for HD Voice Calls | Vi @regression","webkit","2026-06-12","failed","2026-06-12","https://www.myvi.in/ - VoLTE | 4G VoLTE Calls - (Voice Over LTE) for HD Voice Calls | Vi - Regression Tests","Regression Test Suite","",""
"","2313","Verify that 14 Headings are present on WiFi Calling on Vi: Choose VoWiFi for Better Voice Quality @regression","firefox","2026-06-12","passed","2026-06-12","https://www.myvi.in/ - WiFi Calling on Vi: Choose VoWiFi for Better Voice Quality - Regression Tests","Regression Test Suite","",""
"","30705","Verify that Vi (Vodafone Idea) Customer Care Number | Vi Complaint & Helpline Number loads successfully @regression","chromium","2026-06-12","passed","2026-06-12","https://www.myvi.in/ - Vi (Vodafone Idea) Customer Care Number | Vi Complaint & Helpline Number - Regression Tests","Regression Test Suite","",""
"","9740","Verify that 55 Inputs are present on Check Vi SIM Status Online | Track Your Connection & Orders @regression","webkit","2026-06-12","failed","2026-06-12","https://www.myvi.in/ - Check Vi SIM Status Online | Track Your Connection & Orders - Regression Tests","Regression Test Suite","",""
"","23801","Verify that 4 Tables are present on Vi (Vodafone Idea) Customer Care Number | Vi Complaint & Helpline Number @regression","chromium","2026-06-12","passed","2026-06-12","https://www.myvi.in/ - Vi (Vodafone Idea) Customer Care Number | Vi Complaint & Helpline Number - Regression Tests","Regression Test Suite","",""
"","10208","Verify that 2 Menus are present on Vi Giganet: A smart network powered with AI from Vi @regression","chromium","2026-06-12","failed","2026-06-12","https://www.myvi.in/ - Vi Giganet: A smart network powered with AI from Vi - Regression Tests","Regression Test Suite","",""
"","5095","Verify that 16 Headings are present on Vi (Vodafone Idea) Customer Care Number | Vi Complaint & Helpline Number @regression","firefox","2026-06-12","passed","2026-06-12","https://www.myvi.in/ - Vi (Vodafone Idea) Customer Care Number | Vi Complaint & Helpline Number - Regression Tests","Regression Test Suite","",""
"","7856","Verify that 3 Tables are present on All OTT in One App - OTT Subscription Plans | Vi Movies & TV @regression","webkit","2026-06-12","passed","2026-06-12","https://www.myvi.in/ - All OTT in One App - OTT Subscription Plans | Vi Movies & TV - Regression Tests","Regression Test Suite","",""
"","29268","Verify that 2 Menus are present on All OTT in One App - OTT Subscription Plans | Vi Movies & TV @regression","chromium","2026-06-12","failed","2026-06-12","https://www.myvi.in/ - All OTT in One App - OTT Subscription Plans | Vi Movies & TV - Regression Tests","Regression Test Suite","",""
"","6440","Verify that 37 Inputs are present on Vi Electricity Bill Payment | Quick & Secure Online Payment @regression","webkit","2026-06-12","passed","2026-06-12","https://www.myvi.in/ - Vi Electricity Bill Payment | Quick & Secure Online Payment - Regression Tests","Regression Test Suite","",""
"","12936","Verify that 13 Buttons are present on Vi Official Videos: Tips, Products & Updates @regression","chromium","2026-06-12","passed","2026-06-12","https://www.myvi.in/ - Vi Official Videos: Tips, Products & Updates - Regression Tests","Regression Test Suite","",""
"","8164","Verify that 6 Headings are present on Vi Blog | Get Latest News & Information on Vi Network @regression","webkit","2026-06-12","failed","2026-06-12","https://www.myvi.in/ - Vi Blog | Get Latest News & Information on Vi Network - Regression Tests","Regression Test Suite","",""
"","11768","Verify that 1 Menu is present on Vi Business - B2B: Mobility, Connectivity, Security, IoT & Cloud @regression","firefox","2026-06-12","failed","2026-06-12","https://www.myvi.in/ - Vi Business - B2B: Mobility, Connectivity, Security, IoT & Cloud - Regression Tests","Regression Test Suite","",""
"","3265","Verify that 41 Inputs are present on Vi Official Videos: Tips, Products & Updates @regression","firefox","2026-06-12","passed","2026-06-12","https://www.myvi.in/ - Vi Official Videos: Tips, Products & Updates - Regression Tests","Regression Test Suite","",""
"","8093","Verify that 106 Inputs are present on Vi Postpaid Auto Bill Payment - Setup & Manage Automatic Payments @regression","chromium","2026-06-12","passed","2026-06-12","https://www.myvi.in/ - Vi Postpaid Auto Bill Payment - Setup & Manage Automatic Payments - Regression Tests","Regression Test Suite","",""
"","4707","Verify that Plan Selection Page loads successfully @regression","firefox","2026-06-12","passed","2026-06-12","https://www.myvi.in/ - Plan Selection Page - Regression Tests","Regression Test Suite","",""
"","6279","Verify that Register for Postpaid EBill Online | Vi loads successfully @regression","chromium","2026-06-12","passed","2026-06-12","https://www.myvi.in/ - Register for Postpaid EBill Online | Vi - Regression Tests","Regression Test Suite","",""
"","3629","Verify that 4 Inputs are present on Pay Vi Postpaid Bill Online - Quick & Secure | Vi India @regression","webkit","2026-06-12","passed","2026-06-12","https://www.myvi.in/ - Pay Vi Postpaid Bill Online - Quick & Secure | Vi India - Regression Tests","Regression Test Suite","",""
"","7771","Verify that 2 Links are present on SonyLIV Subscription Plans with Vi | Watch Movies, Shows & Sports @regression","webkit","2026-06-12","failed","2026-06-12","https://www.myvi.in/ - SonyLIV Subscription Plans with Vi | Watch Movies, Shows & Sports - Regression Tests","Regression Test Suite","",""
"","9909","Verify that 13 Headings are present on Get your Vi Sim Online and Enjoy Free Delivery | Choose Your Plan Today @regression","webkit","2026-06-12","failed","2026-06-12","https://www.myvi.in/ - Get your Vi Sim Online and Enjoy Free Delivery | Choose Your Plan Today - Regression Tests","Regression Test Suite","",""
"","4843","Verify that 1 Heading is present on Pay for Insurance Online with Vi – Fast & Secure Payment @regression","webkit","2026-06-12","passed","2026-06-12","https://www.myvi.in/ - Pay for Insurance Online with Vi – Fast & Secure Payment - Regression Tests","Regression Test Suite","",""
"","3683","Verify that Get Free Night Data & Binge Your Shows with Hero Unlimited | Vi-5G loads successfully @regression","webkit","2026-06-12","passed","2026-06-12","https://www.myvi.in/ - Get Free Night Data & Binge Your Shows with Hero Unlimited | Vi-5G - Regression Tests","Regression Test Suite","",""
"","11319","Verify that Vi Business - B2B: Mobility, Connectivity, Security, IoT & Cloud loads successfully @regression","webkit","2026-06-12","passed","2026-06-12","https://www.myvi.in/ - Vi Business - B2B: Mobility, Connectivity, Security, IoT & Cloud - Regression Tests","Regression Test Suite","",""
"","9050","Verify that 2 Menus are present on VoLTE | 4G VoLTE Calls - (Voice Over LTE) for HD Voice Calls | Vi @regression","firefox","2026-06-12","failed","2026-06-12","https://www.myvi.in/ - VoLTE | 4G VoLTE Calls - (Voice Over LTE) for HD Voice Calls | Vi - Regression Tests","Regression Test Suite","",""
"","19070","Verify that 1 Menu is present on Vi FASTag Recharge Online | Instant Recharge @regression","chromium","2026-06-12","failed","2026-06-12","https://www.myvi.in/ - Vi FASTag Recharge Online | Instant Recharge - Regression Tests","Regression Test Suite","",""
"","8146","Verify that 58 Inputs are present on Privacy Policy | Vi @regression","chromium","2026-06-12","passed","2026-06-12","https://www.myvi.in/ - Privacy Policy | Vi - Regression Tests","Regression Test Suite","",""
"","13812","Verify that 1 Table is present on Enjoy Netflix Subscription Plans with Vi at No Extra Cost @regression","firefox","2026-06-12","passed","2026-06-12","https://www.myvi.in/ - Enjoy Netflix Subscription Plans with Vi at No Extra Cost - Regression Tests","Regression Test Suite","",""
"","7157","Verify that 29 Headings are present on Vi Max Family Plans | Best Postpaid Plan for Family | Postpaid Family Plans @regression","firefox","2026-06-12","failed","2026-06-12","https://www.myvi.in/ - Vi Max Family Plans | Best Postpaid Plan for Family | Postpaid Family Plans - Regression Tests","Regression Test Suite","",""
"","9131","Verify that 99 Links are present on Get Free Night Data & Binge Your Shows with Hero Unlimited | Vi-5G @regression","chromium","2026-06-12","failed","2026-06-12","https://www.myvi.in/ - Get Free Night Data & Binge Your Shows with Hero Unlimited | Vi-5G - Regression Tests","Regression Test Suite","",""
"","6037","Verify that Vi Official Videos: Tips, Products & Updates loads successfully @regression","firefox","2026-06-12","passed","2026-06-12","https://www.myvi.in/ - Vi Official Videos: Tips, Products & Updates - Regression Tests","Regression Test Suite","",""
"","9143","Verify that 163 Links are present on Vi Postpaid Auto Bill Payment - Setup & Manage Automatic Payments @regression","webkit","2026-06-12","failed","2026-06-12","https://www.myvi.in/ - Vi Postpaid Auto Bill Payment - Setup & Manage Automatic Payments - Regression Tests","Regression Test Suite","",""
"","2924","Verify that 106 Inputs are present on Vi Postpaid Auto Bill Payment - Setup & Manage Automatic Payments @regression","firefox","2026-06-12","passed","2026-06-12","https://www.myvi.in/ - Vi Postpaid Auto Bill Payment - Setup & Manage Automatic Payments - Regression Tests","Regression Test Suite","",""
"","9521","Verify that 172 Links are present on Vi Utility Bill Payments | Water, Gas, Electricity & More @regression","firefox","2026-06-12","failed","2026-06-12","https://www.myvi.in/ - Vi Utility Bill Payments | Water, Gas, Electricity & More - Regression Tests","Regression Test Suite","",""
"","10375","Verify that 86 Buttons are present on Vi Business - B2B: Mobility, Connectivity, Security, IoT & Cloud @regression","firefox","2026-06-12","passed","2026-06-12","https://www.myvi.in/ - Vi Business - B2B: Mobility, Connectivity, Security, IoT & Cloud - Regression Tests","Regression Test Suite","",""
"","7691","Verify that 3 Menus are present on Investors Support Information Of Vi (Vodafone Idea Limited) @regression","webkit","2026-06-12","failed","2026-06-12","https://www.myvi.in/ - Investors Support Information Of Vi (Vodafone Idea Limited) - Regression Tests","Regression Test Suite","",""
"","8710","Verify that 158 Links are present on Vi Loan EMI Payment | Quick & Secure Online Payment @regression","firefox","2026-06-12","failed","2026-06-12","https://www.myvi.in/ - Vi Loan EMI Payment | Quick & Secure Online Payment - Regression Tests","Regression Test Suite","",""
"","9051","Verify that 21 Headings are present on Get Vi New Postpaid SIM Card Online – Buy Mobile SIM Card In india @regression","firefox","2026-06-12","failed","2026-06-12","https://www.myvi.in/ - Get Vi New Postpaid SIM Card Online – Buy Mobile SIM Card In india - Regression Tests","Regression Test Suite","",""
"","11235","Verify that 177 Links are present on All OTT in One App - OTT Subscription Plans | Vi Movies & TV @regression","webkit","2026-06-12","failed","2026-06-12","https://www.myvi.in/ - All OTT in One App - OTT Subscription Plans | Vi Movies & TV - Regression Tests","Regression Test Suite","",""
"","5490","Verify that 1 Form is present on Buy Fancy Numbers Online - Choose Premium VIP Number or Free Options |Vi India @regression","webkit","2026-06-12","passed","2026-06-12","https://www.myvi.in/ - Buy Fancy Numbers Online - Choose Premium VIP Number or Free Options |Vi India - Regression Tests","Regression Test Suite","",""
"","4253","Verify that 1 Heading is present on Pay for Insurance Online with Vi – Fast & Secure Payment @regression","firefox","2026-06-12","passed","2026-06-12","https://www.myvi.in/ - Pay for Insurance Online with Vi – Fast & Secure Payment - Regression Tests","Regression Test Suite","",""
"","4531","Verify that Vodafone Idea News (Vi): Latest Vi News, Press Releases &amp; Updates loads successfully @regression","firefox","2026-06-12","passed","2026-06-12","https://www.myvi.in/ - Vodafone Idea News (Vi): Latest Vi News, Press Releases &amp; Updates - Regression Tests","Regression Test Suite","",""
"","6348","Verify that 20 Headings are present on Vi Postpaid Plans with Unlimited Calls & Data | Vi India @regression","webkit","2026-06-12","passed","2026-06-12","https://www.myvi.in/ - Vi Postpaid Plans with Unlimited Calls & Data | Vi India - Regression Tests","Regression Test Suite","",""
"","10672","Verify that 28 Buttons are present on Buy a New Vi 4g SIM Card Online and Get a Free Delivery @regression","chromium","2026-06-12","failed","2026-06-12","https://www.myvi.in/ - Buy a New Vi 4g SIM Card Online and Get a Free Delivery - Regression Tests","Regression Test Suite","",""
"","5495","Verify that 2 Forms are present on Vi International Roaming Packs (2026) - Stay Connected Abroad | Vi India @regression","webkit","2026-06-12","passed","2026-06-12","https://www.myvi.in/ - Vi International Roaming Packs (2026) - Stay Connected Abroad | Vi India - Regression Tests","Regression Test Suite","",""
"","6181","Verify that 2 Forms are present on Vi Postpaid Plans with Unlimited Calls & Data | Vi India @regression","webkit","2026-06-12","passed","2026-06-12","https://www.myvi.in/ - Vi Postpaid Plans with Unlimited Calls & Data | Vi India - Regression Tests","Regression Test Suite","",""
"","7359","Verify that Vi Utility Bill Payments | Water, Gas, Electricity & More loads successfully @regression","firefox","2026-06-12","passed","2026-06-12","https://www.myvi.in/ - Vi Utility Bill Payments | Water, Gas, Electricity & More - Regression Tests","Regression Test Suite","",""
"","7459","Verify that 17 Headings are present on Explore the Best Prepaid Plans – Top Prepaid Recharge Options | Vi India @regression","chromium","2026-06-12","passed","2026-06-12","https://www.myvi.in/ - Explore the Best Prepaid Plans – Top Prepaid Recharge Options | Vi India - Regression Tests","Regression Test Suite","",""
"","7012","Verify that 22 Headings are present on VoLTE | 4G VoLTE Calls - (Voice Over LTE) for HD Voice Calls | Vi @regression","firefox","2026-06-12","failed","2026-06-12","https://www.myvi.in/ - VoLTE | 4G VoLTE Calls - (Voice Over LTE) for HD Voice Calls | Vi - Regression Tests","Regression Test Suite","",""
"","5764","Verify that 4 Inputs are present on Vi Product & Services FAQs, Frequently Asked Questions @regression","chromium","2026-06-12","passed","2026-06-12","https://www.myvi.in/ - Vi Product & Services FAQs, Frequently Asked Questions - Regression Tests","Regression Test Suite","",""
"","5555","Verify that 2 Forms are present on Vi Loan EMI Payment | Quick & Secure Online Payment @regression","chromium","2026-06-12","passed","2026-06-12","https://www.myvi.in/ - Vi Loan EMI Payment | Quick & Secure Online Payment - Regression Tests","Regression Test Suite","",""
"","7010","Verify that 94 Links are present on Vi (Vodafone Idea) Careers | Explore Career Opportunities at Vodafone Idea (Vi) @regression","firefox","2026-06-12","failed","2026-06-12","https://www.myvi.in/ - Vi (Vodafone Idea) Careers | Explore Career Opportunities at Vodafone Idea (Vi) - Regression Tests","Regression Test Suite","",""
"","10212","Verify that 158 Links are present on Vi FASTag Recharge Online | Instant Recharge @regression","chromium","2026-06-12","failed","2026-06-12","https://www.myvi.in/ - Vi FASTag Recharge Online | Instant Recharge - Regression Tests","Regression Test Suite","",""
"","8932","Verify that 161 Links are present on Register for Postpaid EBill Online | Vi @regression","webkit","2026-06-12","failed","2026-06-12","https://www.myvi.in/ - Register for Postpaid EBill Online | Vi - Regression Tests","Regression Test Suite","",""
"","6333","Verify that Vi Utility Bill Payments | Water, Gas, Electricity & More loads successfully @regression","webkit","2026-06-12","passed","2026-06-12","https://www.myvi.in/ - Vi Utility Bill Payments | Water, Gas, Electricity & More - Regression Tests","Regression Test Suite","",""
"","9337","Verify that 93 Links are present on WiFi Calling on Vi: Choose VoWiFi for Better Voice Quality @regression","chromium","2026-06-12","failed","2026-06-12","https://www.myvi.in/ - WiFi Calling on Vi: Choose VoWiFi for Better Voice Quality - Regression Tests","Regression Test Suite","",""
"","4450","Verify that 2 Forms are present on Pay for Insurance Online with Vi – Fast & Secure Payment @regression","firefox","2026-06-12","passed","2026-06-12","https://www.myvi.in/ - Pay for Insurance Online with Vi – Fast & Secure Payment - Regression Tests","Regression Test Suite","",""
"","9387","Verify that 6 Headings are present on Vi Blog | Get Latest News & Information on Vi Network @regression","firefox","2026-06-12","failed","2026-06-12","https://www.myvi.in/ - Vi Blog | Get Latest News & Information on Vi Network - Regression Tests","Regression Test Suite","",""
"","13234","Verify that About Vi - India's Largest Telecom Company loads successfully @regression","firefox","2026-06-12","passed","2026-06-12","https://www.myvi.in/ - About Vi - India's Largest Telecom Company - Regression Tests","Regression Test Suite","",""
"","11376","Verify that 2 Menus are present on About Vi - India's Largest Telecom Company @regression","firefox","2026-06-12","failed","2026-06-12","https://www.myvi.in/ - About Vi - India's Largest Telecom Company - Regression Tests","Regression Test Suite","",""
"","10478","Verify that 21 Headings are present on Get Vi New Postpaid SIM Card Online – Buy Mobile SIM Card In india @regression","webkit","2026-06-12","failed","2026-06-12","https://www.myvi.in/ - Get Vi New Postpaid SIM Card Online – Buy Mobile SIM Card In india - Regression Tests","Regression Test Suite","",""
"","7385","Verify that 91 Links are present on Pay Vi Postpaid Bill Online - Quick & Secure | Vi India @regression","webkit","2026-06-12","failed","2026-06-12","https://www.myvi.in/ - Pay Vi Postpaid Bill Online - Quick & Secure | Vi India - Regression Tests","Regression Test Suite","",""
"","7330","Verify that 26 Links are present on Vi Max Family Plans | Best Postpaid Plan for Family | Postpaid Family Plans @regression","chromium","2026-06-12","passed","2026-06-12","https://www.myvi.in/ - Vi Max Family Plans | Best Postpaid Plan for Family | Postpaid Family Plans - Regression Tests","Regression Test Suite","",""
"","5312","Verify that 1 Heading is present on Credit Card Bill Payment – Quick & Secure Online Bill Payments | Vi @regression","chromium","2026-06-12","passed","2026-06-12","https://www.myvi.in/ - Credit Card Bill Payment – Quick & Secure Online Bill Payments | Vi - Regression Tests","Regression Test Suite","",""
"","3563","Verify that 7 Buttons are present on Best Vi SMS Packs and SMS Plans for Prepaid Recharge|Vi India @regression","chromium","2026-06-12","passed","2026-06-12","https://www.myvi.in/ - Best Vi SMS Packs and SMS Plans for Prepaid Recharge|Vi India - Regression Tests","Regression Test Suite","",""
"","5356","Verify that Vi 5G Network in India – Explore Plans, SIM & Coverage Map | Vi India loads successfully @regression","webkit","2026-06-12","passed","2026-06-12","https://www.myvi.in/ - Vi 5G Network in India – Explore Plans, SIM & Coverage Map | Vi India - Regression Tests","Regression Test Suite","",""
"","4181","Verify that 1 Form is present on Vi (Vodafone Idea) - Vi Max Postpaid | Prepaid | Vi Games & More @regression","webkit","2026-06-12","passed","2026-06-12","https://www.myvi.in/ - Vi (Vodafone Idea) - Vi Max Postpaid | Prepaid | Vi Games & More - Regression Tests","Regression Test Suite","",""
"","3499","Verify that 1 Form is present on Explore the Best Prepaid Plans – Top Prepaid Recharge Options | Vi India @regression","firefox","2026-06-12","passed","2026-06-12","https://www.myvi.in/ - Explore the Best Prepaid Plans – Top Prepaid Recharge Options | Vi India - Regression Tests","Regression Test Suite","",""
"","5715","Verify that Credit Card Bill Payment – Quick & Secure Online Bill Payments | Vi loads successfully @regression","webkit","2026-06-12","passed","2026-06-12","https://www.myvi.in/ - Credit Card Bill Payment – Quick & Secure Online Bill Payments | Vi - Regression Tests","Regression Test Suite","",""
"","7333","Verify that 3 Menus are present on Explore the Best Prepaid Plans – Top Prepaid Recharge Options | Vi India @regression","firefox","2026-06-12","failed","2026-06-12","https://www.myvi.in/ - Explore the Best Prepaid Plans – Top Prepaid Recharge Options | Vi India - Regression Tests","Regression Test Suite","",""
"","4555","Verify that Vi (Vodafone Idea) - Vi Max Postpaid | Prepaid | Vi Games & More loads successfully @regression","webkit","2026-06-12","passed","2026-06-12","https://www.myvi.in/ - Vi (Vodafone Idea) - Vi Max Postpaid | Prepaid | Vi Games & More - Regression Tests","Regression Test Suite","",""
"","7593","Verify that 105 Links are present on Vi Data Packs - Mobile Data Recharge Plans | Vi India @regression","webkit","2026-06-12","failed","2026-06-12","https://www.myvi.in/ - Vi Data Packs - Mobile Data Recharge Plans | Vi India - Regression Tests","Regression Test Suite","",""
"","4562","Verify that 1 Form is present on VoLTE | 4G VoLTE Calls - (Voice Over LTE) for HD Voice Calls | Vi @regression","webkit","2026-06-12","passed","2026-06-12","https://www.myvi.in/ - VoLTE | 4G VoLTE Calls - (Voice Over LTE) for HD Voice Calls | Vi - Regression Tests","Regression Test Suite","",""
"","8791","Verify that 3 Menus are present on Online Mobile Recharge - Best Prepaid Plans & Top-Ups | Vi India @regression","firefox","2026-06-12","failed","2026-06-12","https://www.myvi.in/ - Online Mobile Recharge - Best Prepaid Plans & Top-Ups | Vi India - Regression Tests","Regression Test Suite","",""
"","8705","Verify that 6 Buttons are present on Vodafone Idea News (Vi): Latest Vi News, Press Releases &amp; Updates @regression","firefox","2026-06-12","failed","2026-06-12","https://www.myvi.in/ - Vodafone Idea News (Vi): Latest Vi News, Press Releases &amp; Updates - Regression Tests","Regression Test Suite","",""
"","6347","Verify that Vi Postpaid Auto Bill Payment - Setup & Manage Automatic Payments loads successfully @regression","firefox","2026-06-12","passed","2026-06-12","https://www.myvi.in/ - Vi Postpaid Auto Bill Payment - Setup & Manage Automatic Payments - Regression Tests","Regression Test Suite","",""
"","5914","Verify that 19 Buttons are present on Vi Electricity Bill Payment | Quick & Secure Online Payment @regression","firefox","2026-06-12","passed","2026-06-12","https://www.myvi.in/ - Vi Electricity Bill Payment | Quick & Secure Online Payment - Regression Tests","Regression Test Suite","",""
"","10722","Verify that 86 Buttons are present on Vi Business - B2B: Mobility, Connectivity, Security, IoT & Cloud @regression","chromium","2026-06-12","passed","2026-06-12","https://www.myvi.in/ - Vi Business - B2B: Mobility, Connectivity, Security, IoT & Cloud - Regression Tests","Regression Test Suite","",""
"","6831","Verify that 14 Buttons are present on VoLTE | 4G VoLTE Calls - (Voice Over LTE) for HD Voice Calls | Vi @regression","chromium","2026-06-12","passed","2026-06-12","https://www.myvi.in/ - VoLTE | 4G VoLTE Calls - (Voice Over LTE) for HD Voice Calls | Vi - Regression Tests","Regression Test Suite","",""
"","5118","Verify that 81 Inputs are present on VoLTE | 4G VoLTE Calls - (Voice Over LTE) for HD Voice Calls | Vi @regression","firefox","2026-06-12","passed","2026-06-12","https://www.myvi.in/ - VoLTE | 4G VoLTE Calls - (Voice Over LTE) for HD Voice Calls | Vi - Regression Tests","Regression Test Suite","",""
"","7261","Verify that Pay for Insurance Online with Vi – Fast & Secure Payment loads successfully @regression","firefox","2026-06-12","passed","2026-06-12","https://www.myvi.in/ - Pay for Insurance Online with Vi – Fast & Secure Payment - Regression Tests","Regression Test Suite","",""
"","8169","Verify that 4 Headings are present on Vi Utility Bill Payments | Water, Gas, Electricity & More @regression","chromium","2026-06-12","passed","2026-06-12","https://www.myvi.in/ - Vi Utility Bill Payments | Water, Gas, Electricity & More - Regression Tests","Regression Test Suite","",""
"","9558","Verify that 25 Headings are present on Check Vi SIM Status Online | Track Your Connection & Orders @regression","chromium","2026-06-12","failed","2026-06-12","https://www.myvi.in/ - Check Vi SIM Status Online | Track Your Connection & Orders - Regression Tests","Regression Test Suite","",""
"","6438","Verify that 11 Headings are present on Vi Unlimited Data, Calls & Internet Plans – Choose Vi Unlimited Plans Today @regression","chromium","2026-06-12","passed","2026-06-12","https://www.myvi.in/ - Vi Unlimited Data, Calls & Internet Plans – Choose Vi Unlimited Plans Today - Regression Tests","Regression Test Suite","",""
"","4767","Verify that SonyLIV Subscription Plans with Vi | Watch Movies, Shows & Sports loads successfully @regression","firefox","2026-06-12","passed","2026-06-12","https://www.myvi.in/ - SonyLIV Subscription Plans with Vi | Watch Movies, Shows & Sports - Regression Tests","Regression Test Suite","",""
"","8046","Verify that Buy Fancy Numbers Online - Choose Premium VIP Number or Free Options |Vi India loads successfully @regression","webkit","2026-06-12","passed","2026-06-12","https://www.myvi.in/ - Buy Fancy Numbers Online - Choose Premium VIP Number or Free Options |Vi India - Regression Tests","Regression Test Suite","",""
"","6638","Verify that Buy a New Vi 4g SIM Card Online and Get a Free Delivery loads successfully @regression","webkit","2026-06-12","passed","2026-06-12","https://www.myvi.in/ - Buy a New Vi 4g SIM Card Online and Get a Free Delivery - Regression Tests","Regression Test Suite","",""
"","9159","Verify that 2 Menus are present on About Vi - India's Largest Telecom Company @regression","webkit","2026-06-12","failed","2026-06-12","https://www.myvi.in/ - About Vi - India's Largest Telecom Company - Regression Tests","Regression Test Suite","",""
"","24002","Verify that 177 Links are present on All OTT in One App - OTT Subscription Plans | Vi Movies & TV @regression","firefox","2026-06-12","failed","2026-06-12","https://www.myvi.in/ - All OTT in One App - OTT Subscription Plans | Vi Movies & TV - Regression Tests","Regression Test Suite","",""
"","19290","Verify that Buy Fancy Numbers Online - Choose Premium VIP Number or Free Options |Vi India loads successfully @regression","chromium","2026-06-12","passed","2026-06-12","https://www.myvi.in/ - Buy Fancy Numbers Online - Choose Premium VIP Number or Free Options |Vi India - Regression Tests","Regression Test Suite","",""
"","7908","Verify that 81 Inputs are present on VoLTE | 4G VoLTE Calls - (Voice Over LTE) for HD Voice Calls | Vi @regression","chromium","2026-06-12","passed","2026-06-12","https://www.myvi.in/ - VoLTE | 4G VoLTE Calls - (Voice Over LTE) for HD Voice Calls | Vi - Regression Tests","Regression Test Suite","",""
"","6195","Verify that 2 Forms are present on Vi Electricity Bill Payment | Quick & Secure Online Payment @regression","chromium","2026-06-12","passed","2026-06-12","https://www.myvi.in/ - Vi Electricity Bill Payment | Quick & Secure Online Payment - Regression Tests","Regression Test Suite","",""
"","19612","Verify that 1 Menu is present on Vi Business - B2B: Mobility, Connectivity, Security, IoT & Cloud @regression","chromium","2026-06-12","failed","2026-06-12","https://www.myvi.in/ - Vi Business - B2B: Mobility, Connectivity, Security, IoT & Cloud - Regression Tests","Regression Test Suite","",""
"","9452","Verify that 11 Buttons are present on About Vi - India's Largest Telecom Company @regression","firefox","2026-06-12","passed","2026-06-12","https://www.myvi.in/ - About Vi - India's Largest Telecom Company - Regression Tests","Regression Test Suite","",""
"","6181","Verify that 26 Buttons are present on Vi Data Packs - Mobile Data Recharge Plans | Vi India @regression","webkit","2026-06-12","passed","2026-06-12","https://www.myvi.in/ - Vi Data Packs - Mobile Data Recharge Plans | Vi India - Regression Tests","Regression Test Suite","",""
"","9449","Verify that 161 Links are present on Register for Postpaid EBill Online | Vi @regression","chromium","2026-06-12","failed","2026-06-12","https://www.myvi.in/ - Register for Postpaid EBill Online | Vi - Regression Tests","Regression Test Suite","",""
"","25314","Verify that 2 Forms are present on Pay for Insurance Online with Vi – Fast & Secure Payment @regression","chromium","2026-06-12","passed","2026-06-12","https://www.myvi.in/ - Pay for Insurance Online with Vi – Fast & Secure Payment - Regression Tests","Regression Test Suite","",""
"","4609","Verify that 15 Buttons are present on Privacy Policy | Vi @regression","firefox","2026-06-12","passed","2026-06-12","https://www.myvi.in/ - Privacy Policy | Vi - Regression Tests","Regression Test Suite","",""
"","6350","Verify that Vi (Vodafone Idea) Customer Care Number | Vi Complaint & Helpline Number loads successfully @regression","webkit","2026-06-12","passed","2026-06-12","https://www.myvi.in/ - Vi (Vodafone Idea) Customer Care Number | Vi Complaint & Helpline Number - Regression Tests","Regression Test Suite","",""
"","9933","Verify that 37 Links are present on Get a New Vi Prepaid SIM Card in 3 Simple Steps - Buy New Sim @regression","webkit","2026-06-12","failed","2026-06-12","https://www.myvi.in/ - Get a New Vi Prepaid SIM Card in 3 Simple Steps - Buy New Sim - Regression Tests","Regression Test Suite","",""
"","6918","Verify that 29 Headings are present on Port SIM Number to Vi | Enjoy Vi Benefits with Easy MNP process @regression","firefox","2026-06-12","failed","2026-06-12","https://www.myvi.in/ - Port SIM Number to Vi | Enjoy Vi Benefits with Easy MNP process - Regression Tests","Regression Test Suite","",""
"","8400","Verify that 2 Menus are present on Register for Postpaid EBill Online | Vi @regression","firefox","2026-06-12","failed","2026-06-12","https://www.myvi.in/ - Register for Postpaid EBill Online | Vi - Regression Tests","Regression Test Suite","",""
"","8138","Verify that 3 Menus are present on Vi Product & Services FAQs, Frequently Asked Questions @regression","firefox","2026-06-12","failed","2026-06-12","https://www.myvi.in/ - Vi Product & Services FAQs, Frequently Asked Questions - Regression Tests","Regression Test Suite","",""
"","14869","Verify that 170 Links are present on How to Activate Vi eSIM Card – Easy Online Setup & Steps | Vi India @regression","chromium","2026-06-12","failed","2026-06-12","https://www.myvi.in/ - How to Activate Vi eSIM Card – Easy Online Setup & Steps | Vi India - Regression Tests","Regression Test Suite","",""
"","2730","Verify that 15 Headings are present on Pay Vi Postpaid Bill Online - Quick & Secure | Vi India @regression","firefox","2026-06-12","passed","2026-06-12","https://www.myvi.in/ - Pay Vi Postpaid Bill Online - Quick & Secure | Vi India - Regression Tests","Regression Test Suite","",""
"","5157","Verify that 2 Forms are present on Vi Electricity Bill Payment | Quick & Secure Online Payment @regression","firefox","2026-06-12","passed","2026-06-12","https://www.myvi.in/ - Vi Electricity Bill Payment | Quick & Secure Online Payment - Regression Tests","Regression Test Suite","",""
"","8179","Verify that 3 Menus are present on Online Mobile Recharge - Best Prepaid Plans & Top-Ups | Vi India @regression","chromium","2026-06-12","failed","2026-06-12","https://www.myvi.in/ - Online Mobile Recharge - Best Prepaid Plans & Top-Ups | Vi India - Regression Tests","Regression Test Suite","",""
"","10526","Verify that 24 Buttons are present on Get Vi New Postpaid SIM Card Online – Buy Mobile SIM Card In india @regression","webkit","2026-06-12","failed","2026-06-12","https://www.myvi.in/ - Get Vi New Postpaid SIM Card Online – Buy Mobile SIM Card In india - Regression Tests","Regression Test Suite","",""
"","7829","Verify that 15 Buttons are present on Privacy Policy | Vi @regression","chromium","2026-06-12","passed","2026-06-12","https://www.myvi.in/ - Privacy Policy | Vi - Regression Tests","Regression Test Suite","",""
"","10233","Verify that 1 Menu is present on Vi Utility Bill Payments | Water, Gas, Electricity & More @regression","webkit","2026-06-12","failed","2026-06-12","https://www.myvi.in/ - Vi Utility Bill Payments | Water, Gas, Electricity & More - Regression Tests","Regression Test Suite","",""
"","7525","Verify that 126 Links are present on Vi (Vodafone Idea) - Vi Max Postpaid | Prepaid | Vi Games & More @regression","webkit","2026-06-12","failed","2026-06-12","https://www.myvi.in/ - Vi (Vodafone Idea) - Vi Max Postpaid | Prepaid | Vi Games & More - Regression Tests","Regression Test Suite","",""
"","9736","Verify that 3 Menus are present on Vi (Vodafone Idea) Careers | Explore Career Opportunities at Vodafone Idea (Vi) @regression","chromium","2026-06-12","failed","2026-06-12","https://www.myvi.in/ - Vi (Vodafone Idea) Careers | Explore Career Opportunities at Vodafone Idea (Vi) - Regression Tests","Regression Test Suite","",""
"","8065","Verify that 92 Links are present on Vi Giganet: A smart network powered with AI from Vi @regression","chromium","2026-06-12","failed","2026-06-12","https://www.myvi.in/ - Vi Giganet: A smart network powered with AI from Vi - Regression Tests","Regression Test Suite","",""
"","8045","Verify that 8 Headings are present on Vi Giganet: A smart network powered with AI from Vi @regression","webkit","2026-06-12","failed","2026-06-12","https://www.myvi.in/ - Vi Giganet: A smart network powered with AI from Vi - Regression Tests","Regression Test Suite","",""
"","13240","Verify that 16 Headings are present on Buy a New Vi 4g SIM Card Online and Get a Free Delivery @regression","firefox","2026-06-12","failed","2026-06-12","https://www.myvi.in/ - Buy a New Vi 4g SIM Card Online and Get a Free Delivery - Regression Tests","Regression Test Suite","",""
"","8125","Verify that 2 Menus are present on SonyLIV Subscription Plans with Vi | Watch Movies, Shows & Sports @regression","webkit","2026-06-12","failed","2026-06-12","https://www.myvi.in/ - SonyLIV Subscription Plans with Vi | Watch Movies, Shows & Sports - Regression Tests","Regression Test Suite","",""
"","7133","Verify that 3 Menus are present on Investors Support Information Of Vi (Vodafone Idea Limited) @regression","firefox","2026-06-12","failed","2026-06-12","https://www.myvi.in/ - Investors Support Information Of Vi (Vodafone Idea Limited) - Regression Tests","Regression Test Suite","",""
"","11503","Verify that 9 Buttons are present on Check Vi SIM Status Online | Track Your Connection & Orders @regression","firefox","2026-06-12","failed","2026-06-12","https://www.myvi.in/ - Check Vi SIM Status Online | Track Your Connection & Orders - Regression Tests","Regression Test Suite","",""
"","32959","Verify that 172 Links are present on Vi Utility Bill Payments | Water, Gas, Electricity & More @regression","chromium","2026-06-12","failed","2026-06-12","https://www.myvi.in/ - Vi Utility Bill Payments | Water, Gas, Electricity & More - Regression Tests","Regression Test Suite","",""
"","7373","Verify that 1 Table is present on How to Activate Vi eSIM Card – Easy Online Setup & Steps | Vi India @regression","chromium","2026-06-12","passed","2026-06-12","https://www.myvi.in/ - How to Activate Vi eSIM Card – Easy Online Setup & Steps | Vi India - Regression Tests","Regression Test Suite","",""
"","18630","Verify that 236 Inputs are present on All OTT in One App - OTT Subscription Plans | Vi Movies & TV @regression","firefox","2026-06-12","passed","2026-06-12","https://www.myvi.in/ - All OTT in One App - OTT Subscription Plans | Vi Movies & TV - Regression Tests","Regression Test Suite","",""
"","22139","Verify that 66 Inputs are present on Buy a New Vi 4g SIM Card Online and Get a Free Delivery @regression","chromium","2026-06-12","failed","2026-06-12","https://www.myvi.in/ - Buy a New Vi 4g SIM Card Online and Get a Free Delivery - Regression Tests","Regression Test Suite","",""
"","5634","Verify that 49 Buttons are present on Explore the Best Prepaid Plans – Top Prepaid Recharge Options | Vi India @regression","webkit","2026-06-12","passed","2026-06-12","https://www.myvi.in/ - Explore the Best Prepaid Plans – Top Prepaid Recharge Options | Vi India - Regression Tests","Regression Test Suite","",""
"","10073","Verify that 2 Menus are present on Register for Postpaid EBill Online | Vi @regression","chromium","2026-06-12","failed","2026-06-12","https://www.myvi.in/ - Register for Postpaid EBill Online | Vi - Regression Tests","Regression Test Suite","",""
"","10418","Verify that How to Activate Vi eSIM Card – Easy Online Setup & Steps | Vi India loads successfully @regression","firefox","2026-06-12","passed","2026-06-12","https://www.myvi.in/ - How to Activate Vi eSIM Card – Easy Online Setup & Steps | Vi India - Regression Tests","Regression Test Suite","",""
"","11601","Verify that 25 Buttons are present on How to Activate Vi eSIM Card – Easy Online Setup & Steps | Vi India @regression","chromium","2026-06-12","passed","2026-06-12","https://www.myvi.in/ - How to Activate Vi eSIM Card – Easy Online Setup & Steps | Vi India - Regression Tests","Regression Test Suite","",""
"","5859","Verify that 100 Inputs are present on Vi Postpaid Plans with Unlimited Calls & Data | Vi India @regression","firefox","2026-06-12","passed","2026-06-12","https://www.myvi.in/ - Vi Postpaid Plans with Unlimited Calls & Data | Vi India - Regression Tests","Regression Test Suite","",""
"","60019","Verify that 2 Inputs are present on Vi (Vodafone Idea) - Vi Max Postpaid | Prepaid | Vi Games & More @regression","chromium","2026-06-12","broken","2026-06-12","https://www.myvi.in/ - Vi (Vodafone Idea) - Vi Max Postpaid | Prepaid | Vi Games & More - Regression Tests","Regression Test Suite","",""
"","5661","Verify that 12 Inputs are present on Vi Utility Bill Payments | Water, Gas, Electricity & More @regression","firefox","2026-06-12","passed","2026-06-12","https://www.myvi.in/ - Vi Utility Bill Payments | Water, Gas, Electricity & More - Regression Tests","Regression Test Suite","",""
"","6662","Verify that Explore the Best Prepaid Plans – Top Prepaid Recharge Options | Vi India loads successfully @regression","chromium","2026-06-12","passed","2026-06-12","https://www.myvi.in/ - Explore the Best Prepaid Plans – Top Prepaid Recharge Options | Vi India - Regression Tests","Regression Test Suite","",""
"","32160","Verify that 46 Headings are present on Enjoy Netflix Subscription Plans with Vi at No Extra Cost @regression","chromium","2026-06-12","broken","2026-06-12","https://www.myvi.in/ - Enjoy Netflix Subscription Plans with Vi at No Extra Cost - Regression Tests","Regression Test Suite","",""
"","11143","Verify that 1 Form is present on SonyLIV Subscription Plans with Vi | Watch Movies, Shows & Sports @regression","chromium","2026-06-12","passed","2026-06-12","https://www.myvi.in/ - SonyLIV Subscription Plans with Vi | Watch Movies, Shows & Sports - Regression Tests","Regression Test Suite","",""
"","8623","Verify that 158 Links are present on Vi FASTag Recharge Online | Instant Recharge @regression","firefox","2026-06-12","failed","2026-06-12","https://www.myvi.in/ - Vi FASTag Recharge Online | Instant Recharge - Regression Tests","Regression Test Suite","",""
"","4156","Verify that 4 Forms are present on Register for Postpaid EBill Online | Vi @regression","webkit","2026-06-12","passed","2026-06-12","https://www.myvi.in/ - Register for Postpaid EBill Online | Vi - Regression Tests","Regression Test Suite","",""
"","4430","Verify that 19 Buttons are present on Credit Card Bill Payment – Quick & Secure Online Bill Payments | Vi @regression","webkit","2026-06-12","passed","2026-06-12","https://www.myvi.in/ - Credit Card Bill Payment – Quick & Secure Online Bill Payments | Vi - Regression Tests","Regression Test Suite","",""
"","6038","Verify that 11 Headings are present on Vi Unlimited Data, Calls & Internet Plans – Choose Vi Unlimited Plans Today @regression","webkit","2026-06-12","passed","2026-06-12","https://www.myvi.in/ - Vi Unlimited Data, Calls & Internet Plans – Choose Vi Unlimited Plans Today - Regression Tests","Regression Test Suite","",""
"","8221","Verify that 54 Inputs are present on Get a New Vi Prepaid SIM Card in 3 Simple Steps - Buy New Sim @regression","firefox","2026-06-12","failed","2026-06-12","https://www.myvi.in/ - Get a New Vi Prepaid SIM Card in 3 Simple Steps - Buy New Sim - Regression Tests","Regression Test Suite","",""
"","9361","Verify that 105 Links are present on Vi Data Packs - Mobile Data Recharge Plans | Vi India @regression","chromium","2026-06-12","failed","2026-06-12","https://www.myvi.in/ - Vi Data Packs - Mobile Data Recharge Plans | Vi India - Regression Tests","Regression Test Suite","",""
"","4766","Verify that 1 Form is present on Explore the Best Prepaid Plans – Top Prepaid Recharge Options | Vi India @regression","webkit","2026-06-12","passed","2026-06-12","https://www.myvi.in/ - Explore the Best Prepaid Plans – Top Prepaid Recharge Options | Vi India - Regression Tests","Regression Test Suite","",""
"","9304","Verify that 19 Inputs are present on Vi Max Family Plans | Best Postpaid Plan for Family | Postpaid Family Plans @regression","webkit","2026-06-12","failed","2026-06-12","https://www.myvi.in/ - Vi Max Family Plans | Best Postpaid Plan for Family | Postpaid Family Plans - Regression Tests","Regression Test Suite","",""
"","2779","Verify that 4 Headings are present on SonyLIV Subscription Plans with Vi | Watch Movies, Shows & Sports @regression","firefox","2026-06-12","passed","2026-06-12","https://www.myvi.in/ - SonyLIV Subscription Plans with Vi | Watch Movies, Shows & Sports - Regression Tests","Regression Test Suite","",""
"","8393","Verify that 5 Buttons are present on Vi Blog | Get Latest News & Information on Vi Network @regression","webkit","2026-06-12","failed","2026-06-12","https://www.myvi.in/ - Vi Blog | Get Latest News & Information on Vi Network - Regression Tests","Regression Test Suite","",""
"","6768","Verify that 93 Links are present on WiFi Calling on Vi: Choose VoWiFi for Better Voice Quality @regression","firefox","2026-06-12","failed","2026-06-12","https://www.myvi.in/ - WiFi Calling on Vi: Choose VoWiFi for Better Voice Quality - Regression Tests","Regression Test Suite","",""
"","20205","Verify that 19 Inputs are present on Vi Max Family Plans | Best Postpaid Plan for Family | Postpaid Family Plans @regression","chromium","2026-06-12","failed","2026-06-12","https://www.myvi.in/ - Vi Max Family Plans | Best Postpaid Plan for Family | Postpaid Family Plans - Regression Tests","Regression Test Suite","",""
"","10981","Verify that 23 Headings are present on Vi (Vodafone Idea) - Vi Max Postpaid | Prepaid | Vi Games & More @regression","chromium","2026-06-12","passed","2026-06-12","https://www.myvi.in/ - Vi (Vodafone Idea) - Vi Max Postpaid | Prepaid | Vi Games & More - Regression Tests","Regression Test Suite","",""
"","7414","Verify that 2 Menus are present on Vi 5G Network in India – Explore Plans, SIM & Coverage Map | Vi India @regression","firefox","2026-06-12","failed","2026-06-12","https://www.myvi.in/ - Vi 5G Network in India – Explore Plans, SIM & Coverage Map | Vi India - Regression Tests","Regression Test Suite","",""
"","7165","Verify that 37 Buttons are present on Enjoy Netflix Subscription Plans with Vi at No Extra Cost @regression","webkit","2026-06-12","passed","2026-06-12","https://www.myvi.in/ - Enjoy Netflix Subscription Plans with Vi at No Extra Cost - Regression Tests","Regression Test Suite","",""
"","5094","Verify that 1 Form is present on Best Vi SMS Packs and SMS Plans for Prepaid Recharge|Vi India @regression","webkit","2026-06-12","passed","2026-06-12","https://www.myvi.in/ - Best Vi SMS Packs and SMS Plans for Prepaid Recharge|Vi India - Regression Tests","Regression Test Suite","",""
"","9146","Verify that 1 Menu is present on Vi FASTag Recharge Online | Instant Recharge @regression","firefox","2026-06-12","failed","2026-06-12","https://www.myvi.in/ - Vi FASTag Recharge Online | Instant Recharge - Regression Tests","Regression Test Suite","",""
"","10477","Verify that 27 Headings are present on Buy Fancy Numbers Online - Choose Premium VIP Number or Free Options |Vi India @regression","chromium","2026-06-12","failed","2026-06-12","https://www.myvi.in/ - Buy Fancy Numbers Online - Choose Premium VIP Number or Free Options |Vi India - Regression Tests","Regression Test Suite","",""
"","7566","Verify that 115 Links are present on Vi Unlimited Data, Calls & Internet Plans – Choose Vi Unlimited Plans Today @regression","firefox","2026-06-12","failed","2026-06-12","https://www.myvi.in/ - Vi Unlimited Data, Calls & Internet Plans – Choose Vi Unlimited Plans Today - Regression Tests","Regression Test Suite","",""
"","7871","Verify that 3 Menus are present on Vi Prepaid Talktime and Top-Up Plans| Easy Online Mobile Recharge @regression","webkit","2026-06-12","failed","2026-06-12","https://www.myvi.in/ - Vi Prepaid Talktime and Top-Up Plans| Easy Online Mobile Recharge - Regression Tests","Regression Test Suite","",""
"","9116","Verify that 46 Buttons are present on Port SIM Number to Vi | Enjoy Vi Benefits with Easy MNP process @regression","webkit","2026-06-12","failed","2026-06-12","https://www.myvi.in/ - Port SIM Number to Vi | Enjoy Vi Benefits with Easy MNP process - Regression Tests","Regression Test Suite","",""
"","6299","Verify that 88 Inputs are present on Vi International Roaming Packs (2026) - Stay Connected Abroad | Vi India @regression","webkit","2026-06-12","passed","2026-06-12","https://www.myvi.in/ - Vi International Roaming Packs (2026) - Stay Connected Abroad | Vi India - Regression Tests","Regression Test Suite","",""
"","5544","Verify that 7 Buttons are present on Best Vi SMS Packs and SMS Plans for Prepaid Recharge|Vi India @regression","webkit","2026-06-12","passed","2026-06-12","https://www.myvi.in/ - Best Vi SMS Packs and SMS Plans for Prepaid Recharge|Vi India - Regression Tests","Regression Test Suite","",""
"","3225","Verify that 19 Headings are present on Vodafone Idea Foundation – An initiative to change India with Mobile Technology @regression","firefox","2026-06-12","passed","2026-06-12","https://www.myvi.in/ - Vodafone Idea Foundation – An initiative to change India with Mobile Technology - Regression Tests","Regression Test Suite","",""
"","9733","Verify that 5 Inputs are present on Get your Vi Sim Online and Enjoy Free Delivery | Choose Your Plan Today @regression","firefox","2026-06-12","failed","2026-06-12","https://www.myvi.in/ - Get your Vi Sim Online and Enjoy Free Delivery | Choose Your Plan Today - Regression Tests","Regression Test Suite","",""
"","2884","Verify that 1 Input is present on Vodafone Idea News (Vi): Latest Vi News, Press Releases &amp; Updates @regression","webkit","2026-06-12","passed","2026-06-12","https://www.myvi.in/ - Vodafone Idea News (Vi): Latest Vi News, Press Releases &amp; Updates - Regression Tests","Regression Test Suite","",""
"","14036","Verify that 179 Links are present on Vi Business - B2B: Mobility, Connectivity, Security, IoT & Cloud @regression","chromium","2026-06-12","failed","2026-06-12","https://www.myvi.in/ - Vi Business - B2B: Mobility, Connectivity, Security, IoT & Cloud - Regression Tests","Regression Test Suite","",""
"","11327","Verify that 13 Headings are present on Get your Vi Sim Online and Enjoy Free Delivery | Choose Your Plan Today @regression","firefox","2026-06-12","failed","2026-06-12","https://www.myvi.in/ - Get your Vi Sim Online and Enjoy Free Delivery | Choose Your Plan Today - Regression Tests","Regression Test Suite","",""
"","5235","Verify that 14 Buttons are present on VoLTE | 4G VoLTE Calls - (Voice Over LTE) for HD Voice Calls | Vi @regression","firefox","2026-06-12","passed","2026-06-12","https://www.myvi.in/ - VoLTE | 4G VoLTE Calls - (Voice Over LTE) for HD Voice Calls | Vi - Regression Tests","Regression Test Suite","",""
"","11802","Verify that 50 Buttons are present on Buy Fancy Numbers Online - Choose Premium VIP Number or Free Options |Vi India @regression","chromium","2026-06-12","failed","2026-06-12","https://www.myvi.in/ - Buy Fancy Numbers Online - Choose Premium VIP Number or Free Options |Vi India - Regression Tests","Regression Test Suite","",""
"","10629","Verify that 25 Headings are present on Get a New Vi Prepaid SIM Card in 3 Simple Steps - Buy New Sim @regression","chromium","2026-06-12","failed","2026-06-12","https://www.myvi.in/ - Get a New Vi Prepaid SIM Card in 3 Simple Steps - Buy New Sim - Regression Tests","Regression Test Suite","",""
"","8045","Verify that 3 Menus are present on Vi (Vodafone Idea) Careers | Explore Career Opportunities at Vodafone Idea (Vi) @regression","webkit","2026-06-12","failed","2026-06-12","https://www.myvi.in/ - Vi (Vodafone Idea) Careers | Explore Career Opportunities at Vodafone Idea (Vi) - Regression Tests","Regression Test Suite","",""
"","5886","Verify that Get Free Night Data & Binge Your Shows with Hero Unlimited | Vi-5G loads successfully @regression","chromium","2026-06-12","passed","2026-06-12","https://www.myvi.in/ - Get Free Night Data & Binge Your Shows with Hero Unlimited | Vi-5G - Regression Tests","Regression Test Suite","",""
"","3331","Verify that 24 Headings are present on Vi (Vodafone Idea) Careers | Explore Career Opportunities at Vodafone Idea (Vi) @regression","webkit","2026-06-12","passed","2026-06-12","https://www.myvi.in/ - Vi (Vodafone Idea) Careers | Explore Career Opportunities at Vodafone Idea (Vi) - Regression Tests","Regression Test Suite","",""
"","9136","Verify that 95 Links are present on Vi Prepaid Talktime and Top-Up Plans| Easy Online Mobile Recharge @regression","chromium","2026-06-12","failed","2026-06-12","https://www.myvi.in/ - Vi Prepaid Talktime and Top-Up Plans| Easy Online Mobile Recharge - Regression Tests","Regression Test Suite","",""
"","60042","Verify that 8 Buttons are present on Vi (Vodafone Idea) - Vi Max Postpaid | Prepaid | Vi Games & More @regression","chromium","2026-06-12","broken","2026-06-12","https://www.myvi.in/ - Vi (Vodafone Idea) - Vi Max Postpaid | Prepaid | Vi Games & More - Regression Tests","Regression Test Suite","",""
"","8525","Verify that 11 Headings are present on Online Mobile Recharge - Best Prepaid Plans & Top-Ups | Vi India @regression","chromium","2026-06-12","failed","2026-06-12","https://www.myvi.in/ - Online Mobile Recharge - Best Prepaid Plans & Top-Ups | Vi India - Regression Tests","Regression Test Suite","",""
"","3578","Verify that 29 Buttons are present on Online Mobile Recharge - Best Prepaid Plans & Top-Ups | Vi India @regression","webkit","2026-06-12","passed","2026-06-12","https://www.myvi.in/ - Online Mobile Recharge - Best Prepaid Plans & Top-Ups | Vi India - Regression Tests","Regression Test Suite","",""
"","4725","Verify that 12 Headings are present on Investors Support Information Of Vi (Vodafone Idea Limited) @regression","chromium","2026-06-12","passed","2026-06-12","https://www.myvi.in/ - Investors Support Information Of Vi (Vodafone Idea Limited) - Regression Tests","Regression Test Suite","",""
"","32426","Verify that 29 Headings are present on Vi Max Family Plans | Best Postpaid Plan for Family | Postpaid Family Plans @regression","chromium","2026-06-12","broken","2026-06-12","https://www.myvi.in/ - Vi Max Family Plans | Best Postpaid Plan for Family | Postpaid Family Plans - Regression Tests","Regression Test Suite","",""
"","4410","Verify that 1 Input is present on SonyLIV Subscription Plans with Vi | Watch Movies, Shows & Sports @regression","webkit","2026-06-12","passed","2026-06-12","https://www.myvi.in/ - SonyLIV Subscription Plans with Vi | Watch Movies, Shows & Sports - Regression Tests","Regression Test Suite","",""
"","5433","Verify that 1 Table is present on How to Activate Vi eSIM Card – Easy Online Setup & Steps | Vi India @regression","webkit","2026-06-12","passed","2026-06-12","https://www.myvi.in/ - How to Activate Vi eSIM Card – Easy Online Setup & Steps | Vi India - Regression Tests","Regression Test Suite","",""
"","4652","Verify that 1 Heading is present on Vi Electricity Bill Payment | Quick & Secure Online Payment @regression","firefox","2026-06-12","passed","2026-06-12","https://www.myvi.in/ - Vi Electricity Bill Payment | Quick & Secure Online Payment - Regression Tests","Regression Test Suite","",""
"","11760","Verify that 22 Headings are present on VoLTE | 4G VoLTE Calls - (Voice Over LTE) for HD Voice Calls | Vi @regression","chromium","2026-06-12","failed","2026-06-12","https://www.myvi.in/ - VoLTE | 4G VoLTE Calls - (Voice Over LTE) for HD Voice Calls | Vi - Regression Tests","Regression Test Suite","",""
"","9375","Verify that 165 Links are present on Vi Official Videos: Tips, Products & Updates @regression","webkit","2026-06-12","failed","2026-06-12","https://www.myvi.in/ - Vi Official Videos: Tips, Products & Updates - Regression Tests","Regression Test Suite","",""
"","9268","Verify that 29 Headings are present on Vi Max Family Plans | Best Postpaid Plan for Family | Postpaid Family Plans @regression","webkit","2026-06-12","failed","2026-06-12","https://www.myvi.in/ - Vi Max Family Plans | Best Postpaid Plan for Family | Postpaid Family Plans - Regression Tests","Regression Test Suite","",""
"","19673","Verify that 2 Links are present on SonyLIV Subscription Plans with Vi | Watch Movies, Shows & Sports @regression","chromium","2026-06-12","failed","2026-06-12","https://www.myvi.in/ - SonyLIV Subscription Plans with Vi | Watch Movies, Shows & Sports - Regression Tests","Regression Test Suite","",""
"","6210","Verify that 15 Buttons are present on Vi Utility Bill Payments | Water, Gas, Electricity & More @regression","firefox","2026-06-12","passed","2026-06-12","https://www.myvi.in/ - Vi Utility Bill Payments | Water, Gas, Electricity & More - Regression Tests","Regression Test Suite","",""
"","4225","Verify that Online Mobile Recharge - Best Prepaid Plans & Top-Ups | Vi India loads successfully @regression","firefox","2026-06-12","passed","2026-06-12","https://www.myvi.in/ - Online Mobile Recharge - Best Prepaid Plans & Top-Ups | Vi India - Regression Tests","Regression Test Suite","",""
"","8303","Verify that 2 Forms are present on Vi (Vodafone Idea) Customer Care Number | Vi Complaint & Helpline Number @regression","chromium","2026-06-12","passed","2026-06-12","https://www.myvi.in/ - Vi (Vodafone Idea) Customer Care Number | Vi Complaint & Helpline Number - Regression Tests","Regression Test Suite","",""
"","7013","Verify that 3 Menus are present on Pay Vi Postpaid Bill Online - Quick & Secure | Vi India @regression","firefox","2026-06-12","failed","2026-06-12","https://www.myvi.in/ - Pay Vi Postpaid Bill Online - Quick & Secure | Vi India - Regression Tests","Regression Test Suite","",""
"","11939","Verify that 29 Links are present on Get your Vi Sim Online and Enjoy Free Delivery | Choose Your Plan Today @regression","firefox","2026-06-12","failed","2026-06-12","https://www.myvi.in/ - Get your Vi Sim Online and Enjoy Free Delivery | Choose Your Plan Today - Regression Tests","Regression Test Suite","",""
"","5826","Verify that 1 Form is present on Vi Data Packs - Mobile Data Recharge Plans | Vi India @regression","firefox","2026-06-12","passed","2026-06-12","https://www.myvi.in/ - Vi Data Packs - Mobile Data Recharge Plans | Vi India - Regression Tests","Regression Test Suite","",""
"","5341","Verify that 1 Input is present on Get Free Night Data & Binge Your Shows with Hero Unlimited | Vi-5G @regression","firefox","2026-06-12","passed","2026-06-12","https://www.myvi.in/ - Get Free Night Data & Binge Your Shows with Hero Unlimited | Vi-5G - Regression Tests","Regression Test Suite","",""
"","2296","Verify that 9 Buttons are present on Get your Vi Sim Online and Enjoy Free Delivery | Choose Your Plan Today @regression","firefox","2026-06-12","passed","2026-06-12","https://www.myvi.in/ - Get your Vi Sim Online and Enjoy Free Delivery | Choose Your Plan Today - Regression Tests","Regression Test Suite","",""
"","4586","Verify that 2 Forms are present on Vi FASTag Recharge Online | Instant Recharge @regression","webkit","2026-06-12","passed","2026-06-12","https://www.myvi.in/ - Vi FASTag Recharge Online | Instant Recharge - Regression Tests","Regression Test Suite","",""
"","10951","Verify that 2 Menus are present on Vi Postpaid Plans with Unlimited Calls & Data | Vi India @regression","webkit","2026-06-12","failed","2026-06-12","https://www.myvi.in/ - Vi Postpaid Plans with Unlimited Calls & Data | Vi India - Regression Tests","Regression Test Suite","",""
"","5768","Verify that 1 Form is present on Vi Data Packs - Mobile Data Recharge Plans | Vi India @regression","webkit","2026-06-12","passed","2026-06-12","https://www.myvi.in/ - Vi Data Packs - Mobile Data Recharge Plans | Vi India - Regression Tests","Regression Test Suite","",""
"","4166","Verify that Get Vi New Postpaid SIM Card Online – Buy Mobile SIM Card In india loads successfully @regression","firefox","2026-06-12","passed","2026-06-12","https://www.myvi.in/ - Get Vi New Postpaid SIM Card Online – Buy Mobile SIM Card In india - Regression Tests","Regression Test Suite","",""
"","10150","Verify that 173 Links are present on Vi Postpaid Plans with Unlimited Calls & Data | Vi India @regression","firefox","2026-06-12","failed","2026-06-12","https://www.myvi.in/ - Vi Postpaid Plans with Unlimited Calls & Data | Vi India - Regression Tests","Regression Test Suite","",""
"","13559","Verify that 189 Links are present on Vi International Roaming Packs (2026) - Stay Connected Abroad | Vi India @regression","firefox","2026-06-12","failed","2026-06-12","https://www.myvi.in/ - Vi International Roaming Packs (2026) - Stay Connected Abroad | Vi India - Regression Tests","Regression Test Suite","",""
"","12221","Verify that 172 Links are present on Vi (Vodafone Idea) Customer Care Number | Vi Complaint & Helpline Number @regression","chromium","2026-06-12","failed","2026-06-12","https://www.myvi.in/ - Vi (Vodafone Idea) Customer Care Number | Vi Complaint & Helpline Number - Regression Tests","Regression Test Suite","",""
"","5227","Verify that 1 Form is present on Privacy Policy | Vi @regression","webkit","2026-06-12","passed","2026-06-12","https://www.myvi.in/ - Privacy Policy | Vi - Regression Tests","Regression Test Suite","",""
"","3520","Verify that 2 Forms are present on Pay Vi Postpaid Bill Online - Quick & Secure | Vi India @regression","webkit","2026-06-12","passed","2026-06-12","https://www.myvi.in/ - Pay Vi Postpaid Bill Online - Quick & Secure | Vi India - Regression Tests","Regression Test Suite","",""
"","7071","Verify that 108 Links are present on Vi Blog | Get Latest News & Information on Vi Network @regression","firefox","2026-06-12","failed","2026-06-12","https://www.myvi.in/ - Vi Blog | Get Latest News & Information on Vi Network - Regression Tests","Regression Test Suite","",""
"","8066","Verify that Get Vi New Postpaid SIM Card Online – Buy Mobile SIM Card In india loads successfully @regression","webkit","2026-06-12","passed","2026-06-12","https://www.myvi.in/ - Get Vi New Postpaid SIM Card Online – Buy Mobile SIM Card In india - Regression Tests","Regression Test Suite","",""
"","4865","Verify that 9 Headings are present on Vi Prepaid Talktime and Top-Up Plans| Easy Online Mobile Recharge @regression","firefox","2026-06-12","passed","2026-06-12","https://www.myvi.in/ - Vi Prepaid Talktime and Top-Up Plans| Easy Online Mobile Recharge - Regression Tests","Regression Test Suite","",""
"","3965","Verify that 15 Headings are present on Pay Vi Postpaid Bill Online - Quick & Secure | Vi India @regression","webkit","2026-06-12","passed","2026-06-12","https://www.myvi.in/ - Pay Vi Postpaid Bill Online - Quick & Secure | Vi India - Regression Tests","Regression Test Suite","",""
"","5086","Verify that 26 Buttons are present on Vi Data Packs - Mobile Data Recharge Plans | Vi India @regression","chromium","2026-06-12","passed","2026-06-12","https://www.myvi.in/ - Vi Data Packs - Mobile Data Recharge Plans | Vi India - Regression Tests","Regression Test Suite","",""
"","7734","Verify that 1 Input is present on Vi Unlimited Data, Calls & Internet Plans – Choose Vi Unlimited Plans Today @regression","firefox","2026-06-12","passed","2026-06-12","https://www.myvi.in/ - Vi Unlimited Data, Calls & Internet Plans – Choose Vi Unlimited Plans Today - Regression Tests","Regression Test Suite","",""
"","7279","Verify that 93 Links are present on WiFi Calling on Vi: Choose VoWiFi for Better Voice Quality @regression","webkit","2026-06-12","failed","2026-06-12","https://www.myvi.in/ - WiFi Calling on Vi: Choose VoWiFi for Better Voice Quality - Regression Tests","Regression Test Suite","",""
"","4315","Verify that 1 Form is present on Vi Official Videos: Tips, Products & Updates @regression","webkit","2026-06-12","passed","2026-06-12","https://www.myvi.in/ - Vi Official Videos: Tips, Products & Updates - Regression Tests","Regression Test Suite","",""
"","7369","Verify that 37 Inputs are present on Credit Card Bill Payment – Quick & Secure Online Bill Payments | Vi @regression","firefox","2026-06-12","passed","2026-06-12","https://www.myvi.in/ - Credit Card Bill Payment – Quick & Secure Online Bill Payments | Vi - Regression Tests","Regression Test Suite","",""
"","7299","Verify that 3 Menus are present on WiFi Calling on Vi: Choose VoWiFi for Better Voice Quality @regression","webkit","2026-06-12","failed","2026-06-12","https://www.myvi.in/ - WiFi Calling on Vi: Choose VoWiFi for Better Voice Quality - Regression Tests","Regression Test Suite","",""
"","11511","Verify that 4 Inputs are present on Pay Vi Postpaid Bill Online - Quick & Secure | Vi India @regression","chromium","2026-06-12","passed","2026-06-12","https://www.myvi.in/ - Pay Vi Postpaid Bill Online - Quick & Secure | Vi India - Regression Tests","Regression Test Suite","",""
"","3319","Verify that 1 Form is present on Plan Selection Page @regression","webkit","2026-06-12","passed","2026-06-12","https://www.myvi.in/ - Plan Selection Page - Regression Tests","Regression Test Suite","",""
"","5083","Verify that 2 Headings are present on Plan Selection Page @regression","webkit","2026-06-12","passed","2026-06-12","https://www.myvi.in/ - Plan Selection Page - Regression Tests","Regression Test Suite","",""
"","30894","Verify that 26 Links are present on Buy a New Vi 4g SIM Card Online and Get a Free Delivery @regression","chromium","2026-06-12","broken","2026-06-12","https://www.myvi.in/ - Buy a New Vi 4g SIM Card Online and Get a Free Delivery - Regression Tests","Regression Test Suite","",""
"","7552","Verify that 3 Menus are present on Best Vi SMS Packs and SMS Plans for Prepaid Recharge|Vi India @regression","firefox","2026-06-12","failed","2026-06-12","https://www.myvi.in/ - Best Vi SMS Packs and SMS Plans for Prepaid Recharge|Vi India - Regression Tests","Regression Test Suite","",""
"","8839","Verify that 1 Form is present on Vi Data Packs - Mobile Data Recharge Plans | Vi India @regression","chromium","2026-06-12","passed","2026-06-12","https://www.myvi.in/ - Vi Data Packs - Mobile Data Recharge Plans | Vi India - Regression Tests","Regression Test Suite","",""
"","9848","Verify that 37 Buttons are present on Enjoy Netflix Subscription Plans with Vi at No Extra Cost @regression","firefox","2026-06-12","passed","2026-06-12","https://www.myvi.in/ - Enjoy Netflix Subscription Plans with Vi at No Extra Cost - Regression Tests","Regression Test Suite","",""
"","8381","Verify that 88 Inputs are present on Vi International Roaming Packs (2026) - Stay Connected Abroad | Vi India @regression","firefox","2026-06-12","passed","2026-06-12","https://www.myvi.in/ - Vi International Roaming Packs (2026) - Stay Connected Abroad | Vi India - Regression Tests","Regression Test Suite","",""
"","3585","Verify that 15 Buttons are present on Get Free Night Data & Binge Your Shows with Hero Unlimited | Vi-5G @regression","firefox","2026-06-12","passed","2026-06-12","https://www.myvi.in/ - Get Free Night Data & Binge Your Shows with Hero Unlimited | Vi-5G - Regression Tests","Regression Test Suite","",""
"","9365","Verify that 3 Menus are present on Vodafone Idea News (Vi): Latest Vi News, Press Releases &amp; Updates @regression","chromium","2026-06-12","failed","2026-06-12","https://www.myvi.in/ - Vodafone Idea News (Vi): Latest Vi News, Press Releases &amp; Updates - Regression Tests","Regression Test Suite","",""
"","6493","Verify that Vi Postpaid Auto Bill Payment - Setup & Manage Automatic Payments loads successfully @regression","webkit","2026-06-12","passed","2026-06-12","https://www.myvi.in/ - Vi Postpaid Auto Bill Payment - Setup & Manage Automatic Payments - Regression Tests","Regression Test Suite","",""
"","9747","Verify that 29 Buttons are present on Get a New Vi Prepaid SIM Card in 3 Simple Steps - Buy New Sim @regression","firefox","2026-06-12","failed","2026-06-12","https://www.myvi.in/ - Get a New Vi Prepaid SIM Card in 3 Simple Steps - Buy New Sim - Regression Tests","Regression Test Suite","",""
"","10652","Verify that 108 Links are present on Vi Blog | Get Latest News & Information on Vi Network @regression","chromium","2026-06-12","failed","2026-06-12","https://www.myvi.in/ - Vi Blog | Get Latest News & Information on Vi Network - Regression Tests","Regression Test Suite","",""
"","3226","Verify that 14 Buttons are present on Vi (Vodafone Idea) Customer Care Number | Vi Complaint & Helpline Number @regression","firefox","2026-06-12","passed","2026-06-12","https://www.myvi.in/ - Vi (Vodafone Idea) Customer Care Number | Vi Complaint & Helpline Number - Regression Tests","Regression Test Suite","",""
"","2563","Verify that 15 Headings are present on Pay Vi Postpaid Bill Online - Quick & Secure | Vi India @regression","chromium","2026-06-12","passed","2026-06-12","https://www.myvi.in/ - Pay Vi Postpaid Bill Online - Quick & Secure | Vi India - Regression Tests","Regression Test Suite","",""
"","6493","Verify that 12 Headings are present on Vi Product & Services FAQs, Frequently Asked Questions @regression","firefox","2026-06-12","passed","2026-06-12","https://www.myvi.in/ - Vi Product & Services FAQs, Frequently Asked Questions - Regression Tests","Regression Test Suite","",""
"","5445","Verify that 2 Headings are present on Plan Selection Page @regression","chromium","2026-06-12","passed","2026-06-12","https://www.myvi.in/ - Plan Selection Page - Regression Tests","Regression Test Suite","",""
"","8796","Verify that 3 Menus are present on Vi Blog | Get Latest News & Information on Vi Network @regression","firefox","2026-06-12","failed","2026-06-12","https://www.myvi.in/ - Vi Blog | Get Latest News & Information on Vi Network - Regression Tests","Regression Test Suite","",""
"","5694","Verify that 1 Form is present on Online Mobile Recharge - Best Prepaid Plans & Top-Ups | Vi India @regression","firefox","2026-06-12","passed","2026-06-12","https://www.myvi.in/ - Online Mobile Recharge - Best Prepaid Plans & Top-Ups | Vi India - Regression Tests","Regression Test Suite","",""
"","2682","Verify that Vi Prepaid Talktime and Top-Up Plans| Easy Online Mobile Recharge loads successfully @regression","firefox","2026-06-12","passed","2026-06-12","https://www.myvi.in/ - Vi Prepaid Talktime and Top-Up Plans| Easy Online Mobile Recharge - Regression Tests","Regression Test Suite","",""
"","10928","Verify that 1 Menu is present on How to Activate Vi eSIM Card – Easy Online Setup & Steps | Vi India @regression","firefox","2026-06-12","failed","2026-06-12","https://www.myvi.in/ - How to Activate Vi eSIM Card – Easy Online Setup & Steps | Vi India - Regression Tests","Regression Test Suite","",""
"","4286","Verify that 37 Inputs are present on Vi FASTag Recharge Online | Instant Recharge @regression","webkit","2026-06-12","passed","2026-06-12","https://www.myvi.in/ - Vi FASTag Recharge Online | Instant Recharge - Regression Tests","Regression Test Suite","",""
"","11882","Verify that 26 Buttons are present on Vi International Roaming Packs (2026) - Stay Connected Abroad | Vi India @regression","chromium","2026-06-12","passed","2026-06-12","https://www.myvi.in/ - Vi International Roaming Packs (2026) - Stay Connected Abroad | Vi India - Regression Tests","Regression Test Suite","",""
"","5133","Verify that 1 Input is present on Best Vi SMS Packs and SMS Plans for Prepaid Recharge|Vi India @regression","webkit","2026-06-12","passed","2026-06-12","https://www.myvi.in/ - Best Vi SMS Packs and SMS Plans for Prepaid Recharge|Vi India - Regression Tests","Regression Test Suite","",""
"","7809","Verify that Vi (Vodafone Idea) - Vi Max Postpaid | Prepaid | Vi Games & More loads successfully @regression","chromium","2026-06-12","passed","2026-06-12","https://www.myvi.in/ - Vi (Vodafone Idea) - Vi Max Postpaid | Prepaid | Vi Games & More - Regression Tests","Regression Test Suite","",""
"","25657","Verify that 1 Form is present on How to Activate Vi eSIM Card – Easy Online Setup & Steps | Vi India @regression","chromium","2026-06-12","passed","2026-06-12","https://www.myvi.in/ - How to Activate Vi eSIM Card – Easy Online Setup & Steps | Vi India - Regression Tests","Regression Test Suite","",""
"","4796","Verify that 13 Buttons are present on Vi Official Videos: Tips, Products & Updates @regression","webkit","2026-06-12","passed","2026-06-12","https://www.myvi.in/ - Vi Official Videos: Tips, Products & Updates - Regression Tests","Regression Test Suite","",""
"","5496","Verify that 8 Headings are present on Best Vi SMS Packs and SMS Plans for Prepaid Recharge|Vi India @regression","webkit","2026-06-12","passed","2026-06-12","https://www.myvi.in/ - Best Vi SMS Packs and SMS Plans for Prepaid Recharge|Vi India - Regression Tests","Regression Test Suite","",""
"","5088","Verify that Vi Prepaid Talktime and Top-Up Plans| Easy Online Mobile Recharge loads successfully @regression","chromium","2026-06-12","passed","2026-06-12","https://www.myvi.in/ - Vi Prepaid Talktime and Top-Up Plans| Easy Online Mobile Recharge - Regression Tests","Regression Test Suite","",""
"","3138","Verify that 4 Inputs are present on Pay Vi Postpaid Bill Online - Quick & Secure | Vi India @regression","firefox","2026-06-12","passed","2026-06-12","https://www.myvi.in/ - Pay Vi Postpaid Bill Online - Quick & Secure | Vi India - Regression Tests","Regression Test Suite","",""
"","5867","Verify that VoLTE | 4G VoLTE Calls - (Voice Over LTE) for HD Voice Calls | Vi loads successfully @regression","webkit","2026-06-12","passed","2026-06-12","https://www.myvi.in/ - VoLTE | 4G VoLTE Calls - (Voice Over LTE) for HD Voice Calls | Vi - Regression Tests","Regression Test Suite","",""
"","4199","Verify that 1 Heading is present on Vi Loan EMI Payment | Quick & Secure Online Payment @regression","firefox","2026-06-12","passed","2026-06-12","https://www.myvi.in/ - Vi Loan EMI Payment | Quick & Secure Online Payment - Regression Tests","Regression Test Suite","",""
"","9275","Verify that 91 Links are present on Pay Vi Postpaid Bill Online - Quick & Secure | Vi India @regression","firefox","2026-06-12","failed","2026-06-12","https://www.myvi.in/ - Pay Vi Postpaid Bill Online - Quick & Secure | Vi India - Regression Tests","Regression Test Suite","",""
"","5651","Verify that 1 Table is present on Vi Postpaid Plans with Unlimited Calls & Data | Vi India @regression","firefox","2026-06-12","passed","2026-06-12","https://www.myvi.in/ - Vi Postpaid Plans with Unlimited Calls & Data | Vi India - Regression Tests","Regression Test Suite","",""
"","3931","Verify that 19 Buttons are present on Vi Loan EMI Payment | Quick & Secure Online Payment @regression","firefox","2026-06-12","passed","2026-06-12","https://www.myvi.in/ - Vi Loan EMI Payment | Quick & Secure Online Payment - Regression Tests","Regression Test Suite","",""
"","7263","Verify that 11 Headings are present on Online Mobile Recharge - Best Prepaid Plans & Top-Ups | Vi India @regression","firefox","2026-06-12","failed","2026-06-12","https://www.myvi.in/ - Online Mobile Recharge - Best Prepaid Plans & Top-Ups | Vi India - Regression Tests","Regression Test Suite","",""
"","10278","Verify that 170 Links are present on How to Activate Vi eSIM Card – Easy Online Setup & Steps | Vi India @regression","webkit","2026-06-12","failed","2026-06-12","https://www.myvi.in/ - How to Activate Vi eSIM Card – Easy Online Setup & Steps | Vi India - Regression Tests","Regression Test Suite","",""
"","3545","Verify that Investors Support Information Of Vi (Vodafone Idea Limited) loads successfully @regression","webkit","2026-06-12","passed","2026-06-12","https://www.myvi.in/ - Investors Support Information Of Vi (Vodafone Idea Limited) - Regression Tests","Regression Test Suite","",""
"","2844","Verify that 5 Buttons are present on Vi (Vodafone Idea) Careers | Explore Career Opportunities at Vodafone Idea (Vi) @regression","webkit","2026-06-12","passed","2026-06-12","https://www.myvi.in/ - Vi (Vodafone Idea) Careers | Explore Career Opportunities at Vodafone Idea (Vi) - Regression Tests","Regression Test Suite","",""
"","6454","Verify that 45 Buttons are present on Vi Unlimited Data, Calls & Internet Plans – Choose Vi Unlimited Plans Today @regression","webkit","2026-06-12","passed","2026-06-12","https://www.myvi.in/ - Vi Unlimited Data, Calls & Internet Plans – Choose Vi Unlimited Plans Today - Regression Tests","Regression Test Suite","",""
"","9900","Verify that 25 Headings are present on Get a New Vi Prepaid SIM Card in 3 Simple Steps - Buy New Sim @regression","webkit","2026-06-12","failed","2026-06-12","https://www.myvi.in/ - Get a New Vi Prepaid SIM Card in 3 Simple Steps - Buy New Sim - Regression Tests","Regression Test Suite","",""
"","5814","Verify that 20 Headings are present on Vi Postpaid Plans with Unlimited Calls & Data | Vi India @regression","firefox","2026-06-12","passed","2026-06-12","https://www.myvi.in/ - Vi Postpaid Plans with Unlimited Calls & Data | Vi India - Regression Tests","Regression Test Suite","",""
"","11181","Verify that 37 Links are present on Get a New Vi Prepaid SIM Card in 3 Simple Steps - Buy New Sim @regression","firefox","2026-06-12","failed","2026-06-12","https://www.myvi.in/ - Get a New Vi Prepaid SIM Card in 3 Simple Steps - Buy New Sim - Regression Tests","Regression Test Suite","",""
"","4168","Verify that 23 Buttons are present on Vi Postpaid Auto Bill Payment - Setup & Manage Automatic Payments @regression","firefox","2026-06-12","passed","2026-06-12","https://www.myvi.in/ - Vi Postpaid Auto Bill Payment - Setup & Manage Automatic Payments - Regression Tests","Regression Test Suite","",""
"","9427","Verify that 5 Buttons are present on Vi Blog | Get Latest News & Information on Vi Network @regression","chromium","2026-06-12","failed","2026-06-12","https://www.myvi.in/ - Vi Blog | Get Latest News & Information on Vi Network - Regression Tests","Regression Test Suite","",""
"","12161","Verify that 2 Menus are present on Buy Fancy Numbers Online - Choose Premium VIP Number or Free Options |Vi India @regression","firefox","2026-06-12","failed","2026-06-12","https://www.myvi.in/ - Buy Fancy Numbers Online - Choose Premium VIP Number or Free Options |Vi India - Regression Tests","Regression Test Suite","",""
"","6333","Verify that 4 Headings are present on SonyLIV Subscription Plans with Vi | Watch Movies, Shows & Sports @regression","webkit","2026-06-12","passed","2026-06-12","https://www.myvi.in/ - SonyLIV Subscription Plans with Vi | Watch Movies, Shows & Sports - Regression Tests","Regression Test Suite","",""
"","5806","Verify that 37 Inputs are present on Vi Electricity Bill Payment | Quick & Secure Online Payment @regression","chromium","2026-06-12","passed","2026-06-12","https://www.myvi.in/ - Vi Electricity Bill Payment | Quick & Secure Online Payment - Regression Tests","Regression Test Suite","",""
"","5839","Verify that 1 Input is present on Vi Unlimited Data, Calls & Internet Plans – Choose Vi Unlimited Plans Today @regression","webkit","2026-06-12","passed","2026-06-12","https://www.myvi.in/ - Vi Unlimited Data, Calls & Internet Plans – Choose Vi Unlimited Plans Today - Regression Tests","Regression Test Suite","",""
"","4220","Verify that 2 Forms are present on Credit Card Bill Payment – Quick & Secure Online Bill Payments | Vi @regression","webkit","2026-06-12","passed","2026-06-12","https://www.myvi.in/ - Credit Card Bill Payment – Quick & Secure Online Bill Payments | Vi - Regression Tests","Regression Test Suite","",""
"","10927","Verify that 5 Buttons are present on Plan Selection Page @regression","firefox","2026-06-12","failed","2026-06-12","https://www.myvi.in/ - Plan Selection Page - Regression Tests","Regression Test Suite","",""
"","12006","Verify that 52 Headings are present on Vi Business - B2B: Mobility, Connectivity, Security, IoT & Cloud @regression","firefox","2026-06-12","failed","2026-06-12","https://www.myvi.in/ - Vi Business - B2B: Mobility, Connectivity, Security, IoT & Cloud - Regression Tests","Regression Test Suite","",""
"","3069","Verify that Port SIM Number to Vi | Enjoy Vi Benefits with Easy MNP process loads successfully @regression","firefox","2026-06-12","passed","2026-06-12","https://www.myvi.in/ - Port SIM Number to Vi | Enjoy Vi Benefits with Easy MNP process - Regression Tests","Regression Test Suite","",""
"","12595","Verify that Enjoy Netflix Subscription Plans with Vi at No Extra Cost loads successfully @regression","webkit","2026-06-12","passed","2026-06-12","https://www.myvi.in/ - Enjoy Netflix Subscription Plans with Vi at No Extra Cost - Regression Tests","Regression Test Suite","",""
"","6867","Verify that 92 Links are present on Vi Giganet: A smart network powered with AI from Vi @regression","firefox","2026-06-12","failed","2026-06-12","https://www.myvi.in/ - Vi Giganet: A smart network powered with AI from Vi - Regression Tests","Regression Test Suite","",""
"","5079","Verify that Vi (Vodafone Idea) Careers | Explore Career Opportunities at Vodafone Idea (Vi) loads successfully @regression","firefox","2026-06-12","passed","2026-06-12","https://www.myvi.in/ - Vi (Vodafone Idea) Careers | Explore Career Opportunities at Vodafone Idea (Vi) - Regression Tests","Regression Test Suite","",""
"","5350","Verify that Vi Data Packs - Mobile Data Recharge Plans | Vi India loads successfully @regression","firefox","2026-06-12","passed","2026-06-12","https://www.myvi.in/ - Vi Data Packs - Mobile Data Recharge Plans | Vi India - Regression Tests","Regression Test Suite","",""
"","4622","Verify that 2 Forms are present on Pay for Insurance Online with Vi – Fast & Secure Payment @regression","webkit","2026-06-12","passed","2026-06-12","https://www.myvi.in/ - Pay for Insurance Online with Vi – Fast & Secure Payment - Regression Tests","Regression Test Suite","",""
"","6021","Verify that 1 Form is present on Get Free Night Data & Binge Your Shows with Hero Unlimited | Vi-5G @regression","webkit","2026-06-12","passed","2026-06-12","https://www.myvi.in/ - Get Free Night Data & Binge Your Shows with Hero Unlimited | Vi-5G - Regression Tests","Regression Test Suite","",""
"","11625","Verify that 55 Inputs are present on Check Vi SIM Status Online | Track Your Connection & Orders @regression","chromium","2026-06-12","failed","2026-06-12","https://www.myvi.in/ - Check Vi SIM Status Online | Track Your Connection & Orders - Regression Tests","Regression Test Suite","",""
"","26623","Verify that 93 Links are present on Vi Product & Services FAQs, Frequently Asked Questions @regression","chromium","2026-06-12","failed","2026-06-12","https://www.myvi.in/ - Vi Product & Services FAQs, Frequently Asked Questions - Regression Tests","Regression Test Suite","",""
"","6958","Verify that 3 Menus are present on Vi Data Packs - Mobile Data Recharge Plans | Vi India @regression","firefox","2026-06-12","failed","2026-06-12","https://www.myvi.in/ - Vi Data Packs - Mobile Data Recharge Plans | Vi India - Regression Tests","Regression Test Suite","",""
"","6920","Verify that 3 Inputs are present on WiFi Calling on Vi: Choose VoWiFi for Better Voice Quality @regression","firefox","2026-06-12","failed","2026-06-12","https://www.myvi.in/ - WiFi Calling on Vi: Choose VoWiFi for Better Voice Quality - Regression Tests","Regression Test Suite","",""
"","6628","Verify that 58 Inputs are present on Privacy Policy | Vi @regression","firefox","2026-06-12","passed","2026-06-12","https://www.myvi.in/ - Privacy Policy | Vi - Regression Tests","Regression Test Suite","",""
"","11619","Verify that 2 Menus are present on Get a New Vi Prepaid SIM Card in 3 Simple Steps - Buy New Sim @regression","chromium","2026-06-12","failed","2026-06-12","https://www.myvi.in/ - Get a New Vi Prepaid SIM Card in 3 Simple Steps - Buy New Sim - Regression Tests","Regression Test Suite","",""
"","12088","Verify that 24 Buttons are present on Get Vi New Postpaid SIM Card Online – Buy Mobile SIM Card In india @regression","chromium","2026-06-12","failed","2026-06-12","https://www.myvi.in/ - Get Vi New Postpaid SIM Card Online – Buy Mobile SIM Card In india - Regression Tests","Regression Test Suite","",""
"","3262","Verify that Plan Selection Page loads successfully @regression","webkit","2026-06-12","passed","2026-06-12","https://www.myvi.in/ - Plan Selection Page - Regression Tests","Regression Test Suite","",""
"","2677","Verify that 39 Headings are present on Privacy Policy | Vi @regression","firefox","2026-06-12","passed","2026-06-12","https://www.myvi.in/ - Privacy Policy | Vi - Regression Tests","Regression Test Suite","",""
"","6488","Verify that 40 Inputs are present on How to Activate Vi eSIM Card – Easy Online Setup & Steps | Vi India @regression","webkit","2026-06-12","passed","2026-06-12","https://www.myvi.in/ - How to Activate Vi eSIM Card – Easy Online Setup & Steps | Vi India - Regression Tests","Regression Test Suite","",""
"","10812","Verify that 2 Menus are present on Vi International Roaming Packs (2026) - Stay Connected Abroad | Vi India @regression","firefox","2026-06-12","failed","2026-06-12","https://www.myvi.in/ - Vi International Roaming Packs (2026) - Stay Connected Abroad | Vi India - Regression Tests","Regression Test Suite","",""
"","7529","Verify that 2 Menus are present on Vi (Vodafone Idea) - Vi Max Postpaid | Prepaid | Vi Games & More @regression","firefox","2026-06-12","failed","2026-06-12","https://www.myvi.in/ - Vi (Vodafone Idea) - Vi Max Postpaid | Prepaid | Vi Games & More - Regression Tests","Regression Test Suite","",""
"","12218","Verify that 3 Tables are present on All OTT in One App - OTT Subscription Plans | Vi Movies & TV @regression","firefox","2026-06-12","passed","2026-06-12","https://www.myvi.in/ - All OTT in One App - OTT Subscription Plans | Vi Movies & TV - Regression Tests","Regression Test Suite","",""
"","4630","Verify that 106 Inputs are present on Vi Postpaid Auto Bill Payment - Setup & Manage Automatic Payments @regression","webkit","2026-06-12","passed","2026-06-12","https://www.myvi.in/ - Vi Postpaid Auto Bill Payment - Setup & Manage Automatic Payments - Regression Tests","Regression Test Suite","",""
"","4412","Verify that 11 Headings are present on Vi Unlimited Data, Calls & Internet Plans – Choose Vi Unlimited Plans Today @regression","firefox","2026-06-12","passed","2026-06-12","https://www.myvi.in/ - Vi Unlimited Data, Calls & Internet Plans – Choose Vi Unlimited Plans Today - Regression Tests","Regression Test Suite","",""
"","5948","Verify that 1 Input is present on Vi Prepaid Talktime and Top-Up Plans| Easy Online Mobile Recharge @regression","chromium","2026-06-12","passed","2026-06-12","https://www.myvi.in/ - Vi Prepaid Talktime and Top-Up Plans| Easy Online Mobile Recharge - Regression Tests","Regression Test Suite","",""
"","8128","Verify that 46 Buttons are present on Port SIM Number to Vi | Enjoy Vi Benefits with Easy MNP process @regression","firefox","2026-06-12","failed","2026-06-12","https://www.myvi.in/ - Port SIM Number to Vi | Enjoy Vi Benefits with Easy MNP process - Regression Tests","Regression Test Suite","",""
"","9396","Verify that 138 Inputs are present on Port SIM Number to Vi | Enjoy Vi Benefits with Easy MNP process @regression","webkit","2026-06-12","failed","2026-06-12","https://www.myvi.in/ - Port SIM Number to Vi | Enjoy Vi Benefits with Easy MNP process - Regression Tests","Regression Test Suite","",""
"","4659","Verify that 19 Buttons are present on Vi Electricity Bill Payment | Quick & Secure Online Payment @regression","webkit","2026-06-12","passed","2026-06-12","https://www.myvi.in/ - Vi Electricity Bill Payment | Quick & Secure Online Payment - Regression Tests","Regression Test Suite","",""
"","8166","Verify that 92 Links are present on Vi Giganet: A smart network powered with AI from Vi @regression","webkit","2026-06-12","failed","2026-06-12","https://www.myvi.in/ - Vi Giganet: A smart network powered with AI from Vi - Regression Tests","Regression Test Suite","",""
"","10186","Verify that 173 Links are present on Vi Postpaid Plans with Unlimited Calls & Data | Vi India @regression","webkit","2026-06-12","failed","2026-06-12","https://www.myvi.in/ - Vi Postpaid Plans with Unlimited Calls & Data | Vi India - Regression Tests","Regression Test Suite","",""
"","7130","Verify that Best Vi SMS Packs and SMS Plans for Prepaid Recharge|Vi India loads successfully @regression","chromium","2026-06-12","passed","2026-06-12","https://www.myvi.in/ - Best Vi SMS Packs and SMS Plans for Prepaid Recharge|Vi India - Regression Tests","Regression Test Suite","",""
"","8223","Verify that 2 Menus are present on Vi (Vodafone Idea) - Vi Max Postpaid | Prepaid | Vi Games & More @regression","webkit","2026-06-12","failed","2026-06-12","https://www.myvi.in/ - Vi (Vodafone Idea) - Vi Max Postpaid | Prepaid | Vi Games & More - Regression Tests","Regression Test Suite","",""
"","6622","Verify that 2 Inputs are present on Vi (Vodafone Idea) - Vi Max Postpaid | Prepaid | Vi Games & More @regression","firefox","2026-06-12","passed","2026-06-12","https://www.myvi.in/ - Vi (Vodafone Idea) - Vi Max Postpaid | Prepaid | Vi Games & More - Regression Tests","Regression Test Suite","",""
"","9709","Verify that 1 Heading is present on Credit Card Bill Payment – Quick & Secure Online Bill Payments | Vi @regression","firefox","2026-06-12","passed","2026-06-12","https://www.myvi.in/ - Credit Card Bill Payment – Quick & Secure Online Bill Payments | Vi - Regression Tests","Regression Test Suite","",""
"","5407","Verify that 15 Buttons are present on Get Free Night Data & Binge Your Shows with Hero Unlimited | Vi-5G @regression","chromium","2026-06-12","passed","2026-06-12","https://www.myvi.in/ - Get Free Night Data & Binge Your Shows with Hero Unlimited | Vi-5G - Regression Tests","Regression Test Suite","",""
"","4360","Verify that SonyLIV Subscription Plans with Vi | Watch Movies, Shows & Sports loads successfully @regression","webkit","2026-06-12","passed","2026-06-12","https://www.myvi.in/ - SonyLIV Subscription Plans with Vi | Watch Movies, Shows & Sports - Regression Tests","Regression Test Suite","",""
"","11569","Verify that 2 Menus are present on Check Vi SIM Status Online | Track Your Connection & Orders @regression","chromium","2026-06-12","failed","2026-06-12","https://www.myvi.in/ - Check Vi SIM Status Online | Track Your Connection & Orders - Regression Tests","Regression Test Suite","",""
"","9025","Verify that 28 Buttons are present on Buy a New Vi 4g SIM Card Online and Get a Free Delivery @regression","firefox","2026-06-12","failed","2026-06-12","https://www.myvi.in/ - Buy a New Vi 4g SIM Card Online and Get a Free Delivery - Regression Tests","Regression Test Suite","",""
"","6622","Verify that 14 Headings are present on Get Free Night Data & Binge Your Shows with Hero Unlimited | Vi-5G @regression","chromium","2026-06-12","passed","2026-06-12","https://www.myvi.in/ - Get Free Night Data & Binge Your Shows with Hero Unlimited | Vi-5G - Regression Tests","Regression Test Suite","",""
"","4926","Verify that 1 Form is present on Port SIM Number to Vi | Enjoy Vi Benefits with Easy MNP process @regression","firefox","2026-06-12","passed","2026-06-12","https://www.myvi.in/ - Port SIM Number to Vi | Enjoy Vi Benefits with Easy MNP process - Regression Tests","Regression Test Suite","",""
"","15040","Verify that 19 Headings are present on Vodafone Idea Foundation – An initiative to change India with Mobile Technology @regression","chromium","2026-06-12","passed","2026-06-12","https://www.myvi.in/ - Vodafone Idea Foundation – An initiative to change India with Mobile Technology - Regression Tests","Regression Test Suite","",""
"","12831","Verify that 21 Headings are present on Get Vi New Postpaid SIM Card Online – Buy Mobile SIM Card In india @regression","chromium","2026-06-12","failed","2026-06-12","https://www.myvi.in/ - Get Vi New Postpaid SIM Card Online – Buy Mobile SIM Card In india - Regression Tests","Regression Test Suite","",""
"","22769","Verify that 2 Menus are present on Buy Fancy Numbers Online - Choose Premium VIP Number or Free Options |Vi India @regression","chromium","2026-06-12","failed","2026-06-12","https://www.myvi.in/ - Buy Fancy Numbers Online - Choose Premium VIP Number or Free Options |Vi India - Regression Tests","Regression Test Suite","",""
"","6344","Verify that 2 Forms are present on Vi (Vodafone Idea) Customer Care Number | Vi Complaint & Helpline Number @regression","webkit","2026-06-12","passed","2026-06-12","https://www.myvi.in/ - Vi (Vodafone Idea) Customer Care Number | Vi Complaint & Helpline Number - Regression Tests","Regression Test Suite","",""
"","25888","Verify that 2 Forms are present on Credit Card Bill Payment – Quick & Secure Online Bill Payments | Vi @regression","chromium","2026-06-12","passed","2026-06-12","https://www.myvi.in/ - Credit Card Bill Payment – Quick & Secure Online Bill Payments | Vi - Regression Tests","Regression Test Suite","",""
"","4276","Verify that 12 Inputs are present on Vi Utility Bill Payments | Water, Gas, Electricity & More @regression","webkit","2026-06-12","passed","2026-06-12","https://www.myvi.in/ - Vi Utility Bill Payments | Water, Gas, Electricity & More - Regression Tests","Regression Test Suite","",""
"","5883","Verify that 1 Table is present on Vi Postpaid Plans with Unlimited Calls & Data | Vi India @regression","webkit","2026-06-12","passed","2026-06-12","https://www.myvi.in/ - Vi Postpaid Plans with Unlimited Calls & Data | Vi India - Regression Tests","Regression Test Suite","",""
"","26469","Verify that 1 Table is present on Enjoy Netflix Subscription Plans with Vi at No Extra Cost @regression","chromium","2026-06-12","passed","2026-06-12","https://www.myvi.in/ - Enjoy Netflix Subscription Plans with Vi at No Extra Cost - Regression Tests","Regression Test Suite","",""
"","4161","Verify that Vi Blog | Get Latest News & Information on Vi Network loads successfully @regression","webkit","2026-06-12","passed","2026-06-12","https://www.myvi.in/ - Vi Blog | Get Latest News & Information on Vi Network - Regression Tests","Regression Test Suite","",""
"","9519","Verify that 2 Links are present on SonyLIV Subscription Plans with Vi | Watch Movies, Shows & Sports @regression","firefox","2026-06-12","failed","2026-06-12","https://www.myvi.in/ - SonyLIV Subscription Plans with Vi | Watch Movies, Shows & Sports - Regression Tests","Regression Test Suite","",""
"","5926","Verify that 45 Buttons are present on Vi Unlimited Data, Calls & Internet Plans – Choose Vi Unlimited Plans Today @regression","firefox","2026-06-12","passed","2026-06-12","https://www.myvi.in/ - Vi Unlimited Data, Calls & Internet Plans – Choose Vi Unlimited Plans Today - Regression Tests","Regression Test Suite","",""
"","3161","Verify that 2 Buttons are present on Pay Vi Postpaid Bill Online - Quick & Secure | Vi India @regression","chromium","2026-06-12","passed","2026-06-12","https://www.myvi.in/ - Pay Vi Postpaid Bill Online - Quick & Secure | Vi India - Regression Tests","Regression Test Suite","",""
"","3591","Verify that Pay Vi Postpaid Bill Online - Quick & Secure | Vi India loads successfully @regression","webkit","2026-06-12","passed","2026-06-12","https://www.myvi.in/ - Pay Vi Postpaid Bill Online - Quick & Secure | Vi India - Regression Tests","Regression Test Suite","",""
"","3757","Verify that 45 Links are present on Investors Support Information Of Vi (Vodafone Idea Limited) @regression","webkit","2026-06-12","passed","2026-06-12","https://www.myvi.in/ - Investors Support Information Of Vi (Vodafone Idea Limited) - Regression Tests","Regression Test Suite","",""
"","17068","Verify that Vi Business - B2B: Mobility, Connectivity, Security, IoT & Cloud loads successfully @regression","chromium","2026-06-12","passed","2026-06-12","https://www.myvi.in/ - Vi Business - B2B: Mobility, Connectivity, Security, IoT & Cloud - Regression Tests","Regression Test Suite","",""
"","4381","Verify that 4 Inputs are present on Vi Product & Services FAQs, Frequently Asked Questions @regression","webkit","2026-06-12","passed","2026-06-12","https://www.myvi.in/ - Vi Product & Services FAQs, Frequently Asked Questions - Regression Tests","Regression Test Suite","",""
"","4114","Verify that 16 Buttons are present on Register for Postpaid EBill Online | Vi @regression","firefox","2026-06-12","passed","2026-06-12","https://www.myvi.in/ - Register for Postpaid EBill Online | Vi - Regression Tests","Regression Test Suite","",""
"","13854","Verify that 1 Form is present on All OTT in One App - OTT Subscription Plans | Vi Movies & TV @regression","firefox","2026-06-12","passed","2026-06-12","https://www.myvi.in/ - All OTT in One App - OTT Subscription Plans | Vi Movies & TV - Regression Tests","Regression Test Suite","",""
"","9112","Verify that 1 Form is present on Buy a New Vi 4g SIM Card Online and Get a Free Delivery @regression","firefox","2026-06-12","passed","2026-06-12","https://www.myvi.in/ - Buy a New Vi 4g SIM Card Online and Get a Free Delivery - Regression Tests","Regression Test Suite","",""
"","4212","Verify that 37 Inputs are present on Pay for Insurance Online with Vi – Fast & Secure Payment @regression","webkit","2026-06-12","passed","2026-06-12","https://www.myvi.in/ - Pay for Insurance Online with Vi – Fast & Secure Payment - Regression Tests","Regression Test Suite","",""
"","5917","Verify that 2 Forms are present on Vi Postpaid Plans with Unlimited Calls & Data | Vi India @regression","firefox","2026-06-12","passed","2026-06-12","https://www.myvi.in/ - Vi Postpaid Plans with Unlimited Calls & Data | Vi India - Regression Tests","Regression Test Suite","",""
"","10912","Verify that 2 Menus are present on All OTT in One App - OTT Subscription Plans | Vi Movies & TV @regression","webkit","2026-06-12","failed","2026-06-12","https://www.myvi.in/ - All OTT in One App - OTT Subscription Plans | Vi Movies & TV - Regression Tests","Regression Test Suite","",""
"","5813","Verify that 37 Inputs are present on Vi Loan EMI Payment | Quick & Secure Online Payment @regression","chromium","2026-06-12","passed","2026-06-12","https://www.myvi.in/ - Vi Loan EMI Payment | Quick & Secure Online Payment - Regression Tests","Regression Test Suite","",""
"","18857","Verify that 75 Inputs are present on Vi (Vodafone Idea) Customer Care Number | Vi Complaint & Helpline Number @regression","chromium","2026-06-12","passed","2026-06-12","https://www.myvi.in/ - Vi (Vodafone Idea) Customer Care Number | Vi Complaint & Helpline Number - Regression Tests","Regression Test Suite","",""
"","9182","Verify that 3 Menus are present on Vi Unlimited Data, Calls & Internet Plans – Choose Vi Unlimited Plans Today @regression","chromium","2026-06-12","failed","2026-06-12","https://www.myvi.in/ - Vi Unlimited Data, Calls & Internet Plans – Choose Vi Unlimited Plans Today - Regression Tests","Regression Test Suite","",""
"","10854","Verify that 158 Links are present on Credit Card Bill Payment – Quick & Secure Online Bill Payments | Vi @regression","chromium","2026-06-12","failed","2026-06-12","https://www.myvi.in/ - Credit Card Bill Payment – Quick & Secure Online Bill Payments | Vi - Regression Tests","Regression Test Suite","",""
"","4962","Verify that 1 Form is present on Get Free Night Data & Binge Your Shows with Hero Unlimited | Vi-5G @regression","chromium","2026-06-12","passed","2026-06-12","https://www.myvi.in/ - Get Free Night Data & Binge Your Shows with Hero Unlimited | Vi-5G - Regression Tests","Regression Test Suite","",""
"","3217","Verify that 45 Links are present on Investors Support Information Of Vi (Vodafone Idea Limited) @regression","firefox","2026-06-12","passed","2026-06-12","https://www.myvi.in/ - Investors Support Information Of Vi (Vodafone Idea Limited) - Regression Tests","Regression Test Suite","",""
"","9180","Verify that 158 Links are present on Vi Electricity Bill Payment | Quick & Secure Online Payment @regression","webkit","2026-06-12","failed","2026-06-12","https://www.myvi.in/ - Vi Electricity Bill Payment | Quick & Secure Online Payment - Regression Tests","Regression Test Suite","",""
"","9465","Verify that 3 Menus are present on Privacy Policy | Vi @regression","webkit","2026-06-12","failed","2026-06-12","https://www.myvi.in/ - Privacy Policy | Vi - Regression Tests","Regression Test Suite","",""
"","6442","Verify that 26 Buttons are present on Vi International Roaming Packs (2026) - Stay Connected Abroad | Vi India @regression","firefox","2026-06-12","passed","2026-06-12","https://www.myvi.in/ - Vi International Roaming Packs (2026) - Stay Connected Abroad | Vi India - Regression Tests","Regression Test Suite","",""
"","7280","Verify that 3 Menus are present on Vi (Vodafone Idea) Careers | Explore Career Opportunities at Vodafone Idea (Vi) @regression","firefox","2026-06-12","failed","2026-06-12","https://www.myvi.in/ - Vi (Vodafone Idea) Careers | Explore Career Opportunities at Vodafone Idea (Vi) - Regression Tests","Regression Test Suite","",""
"","5823","Verify that 2 Forms are present on Vi FASTag Recharge Online | Instant Recharge @regression","chromium","2026-06-12","passed","2026-06-12","https://www.myvi.in/ - Vi FASTag Recharge Online | Instant Recharge - Regression Tests","Regression Test Suite","",""
"","8824","Verify that 3 Menus are present on Investors Support Information Of Vi (Vodafone Idea Limited) @regression","chromium","2026-06-12","failed","2026-06-12","https://www.myvi.in/ - Investors Support Information Of Vi (Vodafone Idea Limited) - Regression Tests","Regression Test Suite","",""
"","10349","Verify that 175 Links are present on Enjoy Netflix Subscription Plans with Vi at No Extra Cost @regression","webkit","2026-06-12","failed","2026-06-12","https://www.myvi.in/ - Enjoy Netflix Subscription Plans with Vi at No Extra Cost - Regression Tests","Regression Test Suite","",""
"","6858","Verify that 1 Form is present on VoLTE | 4G VoLTE Calls - (Voice Over LTE) for HD Voice Calls | Vi @regression","firefox","2026-06-12","passed","2026-06-12","https://www.myvi.in/ - VoLTE | 4G VoLTE Calls - (Voice Over LTE) for HD Voice Calls | Vi - Regression Tests","Regression Test Suite","",""
"","18715","Verify that Vi Official Videos: Tips, Products & Updates loads successfully @regression","chromium","2026-06-12","passed","2026-06-12","https://www.myvi.in/ - Vi Official Videos: Tips, Products & Updates - Regression Tests","Regression Test Suite","",""
"","17436","Verify that 1 Form is present on Vi Official Videos: Tips, Products & Updates @regression","chromium","2026-06-12","passed","2026-06-12","https://www.myvi.in/ - Vi Official Videos: Tips, Products & Updates - Regression Tests","Regression Test Suite","",""
"","9215","Verify that 1 Menu is present on Vi Loan EMI Payment | Quick & Secure Online Payment @regression","webkit","2026-06-12","failed","2026-06-12","https://www.myvi.in/ - Vi Loan EMI Payment | Quick & Secure Online Payment - Regression Tests","Regression Test Suite","",""
"","4910","Verify that 15 Headings are present on Vodafone Idea News (Vi): Latest Vi News, Press Releases &amp; Updates @regression","chromium","2026-06-12","passed","2026-06-12","https://www.myvi.in/ - Vodafone Idea News (Vi): Latest Vi News, Press Releases &amp; Updates - Regression Tests","Regression Test Suite","",""
"","7970","Verify that 104 Links are present on Explore the Best Prepaid Plans – Top Prepaid Recharge Options | Vi India @regression","webkit","2026-06-12","failed","2026-06-12","https://www.myvi.in/ - Explore the Best Prepaid Plans – Top Prepaid Recharge Options | Vi India - Regression Tests","Regression Test Suite","",""
"","5549","Verify that Vi Max Family Plans | Best Postpaid Plan for Family | Postpaid Family Plans loads successfully @regression","webkit","2026-06-12","passed","2026-06-12","https://www.myvi.in/ - Vi Max Family Plans | Best Postpaid Plan for Family | Postpaid Family Plans - Regression Tests","Regression Test Suite","",""
"","7073","Verify that 3 Menus are present on Vi Unlimited Data, Calls & Internet Plans – Choose Vi Unlimited Plans Today @regression","firefox","2026-06-12","failed","2026-06-12","https://www.myvi.in/ - Vi Unlimited Data, Calls & Internet Plans – Choose Vi Unlimited Plans Today - Regression Tests","Regression Test Suite","",""
"","7301","Verify that 37 Inputs are present on Vi Loan EMI Payment | Quick & Secure Online Payment @regression","firefox","2026-06-12","passed","2026-06-12","https://www.myvi.in/ - Vi Loan EMI Payment | Quick & Secure Online Payment - Regression Tests","Regression Test Suite","",""
"","9710","Verify that 2 Menus are present on Register for Postpaid EBill Online | Vi @regression","webkit","2026-06-12","failed","2026-06-12","https://www.myvi.in/ - Register for Postpaid EBill Online | Vi - Regression Tests","Regression Test Suite","",""
"","5132","Verify that Check Vi SIM Status Online | Track Your Connection & Orders loads successfully @regression","chromium","2026-06-12","passed","2026-06-12","https://www.myvi.in/ - Check Vi SIM Status Online | Track Your Connection & Orders - Regression Tests","Regression Test Suite","",""
"","9857","Verify that 2 Menus are present on Port SIM Number to Vi | Enjoy Vi Benefits with Easy MNP process @regression","webkit","2026-06-12","failed","2026-06-12","https://www.myvi.in/ - Port SIM Number to Vi | Enjoy Vi Benefits with Easy MNP process - Regression Tests","Regression Test Suite","",""
"","2679","Verify that 24 Headings are present on Vi (Vodafone Idea) Careers | Explore Career Opportunities at Vodafone Idea (Vi) @regression","firefox","2026-06-12","passed","2026-06-12","https://www.myvi.in/ - Vi (Vodafone Idea) Careers | Explore Career Opportunities at Vodafone Idea (Vi) - Regression Tests","Regression Test Suite","",""
"","10694","Verify that 25 Links are present on Get Vi New Postpaid SIM Card Online – Buy Mobile SIM Card In india @regression","webkit","2026-06-12","failed","2026-06-12","https://www.myvi.in/ - Get Vi New Postpaid SIM Card Online – Buy Mobile SIM Card In india - Regression Tests","Regression Test Suite","",""
"","8185","Verify that Vi Loan EMI Payment | Quick & Secure Online Payment loads successfully @regression","chromium","2026-06-12","passed","2026-06-12","https://www.myvi.in/ - Vi Loan EMI Payment | Quick & Secure Online Payment - Regression Tests","Regression Test Suite","",""
"","7891","Verify that 6 Buttons are present on Vodafone Idea News (Vi): Latest Vi News, Press Releases &amp; Updates @regression","webkit","2026-06-12","failed","2026-06-12","https://www.myvi.in/ - Vodafone Idea News (Vi): Latest Vi News, Press Releases &amp; Updates - Regression Tests","Regression Test Suite","",""
"","6654","Verify that Pay for Insurance Online with Vi – Fast & Secure Payment loads successfully @regression","webkit","2026-06-12","passed","2026-06-12","https://www.myvi.in/ - Pay for Insurance Online with Vi – Fast & Secure Payment - Regression Tests","Regression Test Suite","",""
"","2541","Verify that 5 Buttons are present on Vi (Vodafone Idea) Careers | Explore Career Opportunities at Vodafone Idea (Vi) @regression","firefox","2026-06-12","passed","2026-06-12","https://www.myvi.in/ - Vi (Vodafone Idea) Careers | Explore Career Opportunities at Vodafone Idea (Vi) - Regression Tests","Regression Test Suite","",""
"","9995","Verify that Buy a New Vi 4g SIM Card Online and Get a Free Delivery loads successfully @regression","firefox","2026-06-12","passed","2026-06-12","https://www.myvi.in/ - Buy a New Vi 4g SIM Card Online and Get a Free Delivery - Regression Tests","Regression Test Suite","",""
"","8900","Verify that 3 Headings are present on Register for Postpaid EBill Online | Vi @regression","webkit","2026-06-12","failed","2026-06-12","https://www.myvi.in/ - Register for Postpaid EBill Online | Vi - Regression Tests","Regression Test Suite","",""
"","7567","Verify that Vi Postpaid Plans with Unlimited Calls & Data | Vi India loads successfully @regression","chromium","2026-06-12","passed","2026-06-12","https://www.myvi.in/ - Vi Postpaid Plans with Unlimited Calls & Data | Vi India - Regression Tests","Regression Test Suite","",""
"","7402","Verify that 30 Buttons are present on Vi Product & Services FAQs, Frequently Asked Questions @regression","firefox","2026-06-12","passed","2026-06-12","https://www.myvi.in/ - Vi Product & Services FAQs, Frequently Asked Questions - Regression Tests","Regression Test Suite","",""
"","5748","Verify that 101 Inputs are present on Plan Selection Page @regression","chromium","2026-06-12","passed","2026-06-12","https://www.myvi.in/ - Plan Selection Page - Regression Tests","Regression Test Suite","",""
"","22042","Verify that 1 Heading is present on Vi FASTag Recharge Online | Instant Recharge @regression","chromium","2026-06-12","passed","2026-06-12","https://www.myvi.in/ - Vi FASTag Recharge Online | Instant Recharge - Regression Tests","Regression Test Suite","",""
"","4928","Verify that 1 Heading is present on Vi Official Videos: Tips, Products & Updates @regression","firefox","2026-06-12","passed","2026-06-12","https://www.myvi.in/ - Vi Official Videos: Tips, Products & Updates - Regression Tests","Regression Test Suite","",""
"","18106","Verify that 189 Links are present on Vi International Roaming Packs (2026) - Stay Connected Abroad | Vi India @regression","chromium","2026-06-12","failed","2026-06-12","https://www.myvi.in/ - Vi International Roaming Packs (2026) - Stay Connected Abroad | Vi India - Regression Tests","Regression Test Suite","",""
"","33626","Verify that Plan Selection Page loads successfully @regression","chromium","2026-06-12","passed","2026-06-12","https://www.myvi.in/ - Plan Selection Page - Regression Tests","Regression Test Suite","",""
"","11988","Verify that 1 Form is present on Vi Unlimited Data, Calls & Internet Plans – Choose Vi Unlimited Plans Today @regression","chromium","2026-06-12","passed","2026-06-12","https://www.myvi.in/ - Vi Unlimited Data, Calls & Internet Plans – Choose Vi Unlimited Plans Today - Regression Tests","Regression Test Suite","",""
"","3465","Verify that Vi Product & Services FAQs, Frequently Asked Questions loads successfully @regression","webkit","2026-06-12","passed","2026-06-12","https://www.myvi.in/ - Vi Product & Services FAQs, Frequently Asked Questions - Regression Tests","Regression Test Suite","",""
"","15025","Verify that 3 Menus are present on Vi Prepaid Talktime and Top-Up Plans| Easy Online Mobile Recharge @regression","chromium","2026-06-12","failed","2026-06-12","https://www.myvi.in/ - Vi Prepaid Talktime and Top-Up Plans| Easy Online Mobile Recharge - Regression Tests","Regression Test Suite","",""
"","6463","Verify that 101 Inputs are present on Plan Selection Page @regression","firefox","2026-06-12","passed","2026-06-12","https://www.myvi.in/ - Plan Selection Page - Regression Tests","Regression Test Suite","",""
"","4086","Verify that 81 Inputs are present on VoLTE | 4G VoLTE Calls - (Voice Over LTE) for HD Voice Calls | Vi @regression","webkit","2026-06-12","passed","2026-06-12","https://www.myvi.in/ - VoLTE | 4G VoLTE Calls - (Voice Over LTE) for HD Voice Calls | Vi - Regression Tests","Regression Test Suite","",""
"","8283","Verify that 3 Menus are present on Vi Product & Services FAQs, Frequently Asked Questions @regression","webkit","2026-06-12","failed","2026-06-12","https://www.myvi.in/ - Vi Product & Services FAQs, Frequently Asked Questions - Regression Tests","Regression Test Suite","",""
"","5352","Verify that 15 Buttons are present on Get Free Night Data & Binge Your Shows with Hero Unlimited | Vi-5G @regression","webkit","2026-06-12","passed","2026-06-12","https://www.myvi.in/ - Get Free Night Data & Binge Your Shows with Hero Unlimited | Vi-5G - Regression Tests","Regression Test Suite","",""
"","16903","Verify that 29 Headings are present on Port SIM Number to Vi | Enjoy Vi Benefits with Easy MNP process @regression","chromium","2026-06-12","failed","2026-06-12","https://www.myvi.in/ - Port SIM Number to Vi | Enjoy Vi Benefits with Easy MNP process - Regression Tests","Regression Test Suite","",""
"","4372","Verify that 1 Input is present on Vi Blog | Get Latest News & Information on Vi Network @regression","firefox","2026-06-12","passed","2026-06-12","https://www.myvi.in/ - Vi Blog | Get Latest News & Information on Vi Network - Regression Tests","Regression Test Suite","",""
"","3212","Verify that 1 Input is present on SonyLIV Subscription Plans with Vi | Watch Movies, Shows & Sports @regression","firefox","2026-06-12","passed","2026-06-12","https://www.myvi.in/ - SonyLIV Subscription Plans with Vi | Watch Movies, Shows & Sports - Regression Tests","Regression Test Suite","",""
"","5827","Verify that 1 Input is present on Vodafone Idea News (Vi): Latest Vi News, Press Releases &amp; Updates @regression","chromium","2026-06-12","passed","2026-06-12","https://www.myvi.in/ - Vodafone Idea News (Vi): Latest Vi News, Press Releases &amp; Updates - Regression Tests","Regression Test Suite","",""
"","9814","Verify that 19 Inputs are present on Vi Max Family Plans | Best Postpaid Plan for Family | Postpaid Family Plans @regression","firefox","2026-06-12","failed","2026-06-12","https://www.myvi.in/ - Vi Max Family Plans | Best Postpaid Plan for Family | Postpaid Family Plans - Regression Tests","Regression Test Suite","",""
"","5190","Verify that 14 Headings are present on WiFi Calling on Vi: Choose VoWiFi for Better Voice Quality @regression","chromium","2026-06-12","passed","2026-06-12","https://www.myvi.in/ - WiFi Calling on Vi: Choose VoWiFi for Better Voice Quality - Regression Tests","Regression Test Suite","",""
"","8076","Verify that 53 Headings are present on How to Activate Vi eSIM Card – Easy Online Setup & Steps | Vi India @regression","chromium","2026-06-12","passed","2026-06-12","https://www.myvi.in/ - How to Activate Vi eSIM Card – Easy Online Setup & Steps | Vi India - Regression Tests","Regression Test Suite","",""
"","10643","Verify that 37 Inputs are present on About Vi - India's Largest Telecom Company @regression","chromium","2026-06-12","failed","2026-06-12","https://www.myvi.in/ - About Vi - India's Largest Telecom Company - Regression Tests","Regression Test Suite","",""
"","6108","Verify that 23 Headings are present on Vi (Vodafone Idea) - Vi Max Postpaid | Prepaid | Vi Games & More @regression","firefox","2026-06-12","passed","2026-06-12","https://www.myvi.in/ - Vi (Vodafone Idea) - Vi Max Postpaid | Prepaid | Vi Games & More - Regression Tests","Regression Test Suite","",""
"","7970","Verify that Vi Data Packs - Mobile Data Recharge Plans | Vi India loads successfully @regression","chromium","2026-06-12","passed","2026-06-12","https://www.myvi.in/ - Vi Data Packs - Mobile Data Recharge Plans | Vi India - Regression Tests","Regression Test Suite","",""
"","8556","Verify that 93 Links are present on Vi Product & Services FAQs, Frequently Asked Questions @regression","firefox","2026-06-12","failed","2026-06-12","https://www.myvi.in/ - Vi Product & Services FAQs, Frequently Asked Questions - Regression Tests","Regression Test Suite","",""
"","10944","Verify that 1 Menu is present on Pay for Insurance Online with Vi – Fast & Secure Payment @regression","firefox","2026-06-12","failed","2026-06-12","https://www.myvi.in/ - Pay for Insurance Online with Vi – Fast & Secure Payment - Regression Tests","Regression Test Suite","",""
"","4203","Verify that 30 Buttons are present on Vi Product & Services FAQs, Frequently Asked Questions @regression","webkit","2026-06-12","passed","2026-06-12","https://www.myvi.in/ - Vi Product & Services FAQs, Frequently Asked Questions - Regression Tests","Regression Test Suite","",""
"","7844","Verify that Vi Postpaid Plans with Unlimited Calls & Data | Vi India loads successfully @regression","webkit","2026-06-12","passed","2026-06-12","https://www.myvi.in/ - Vi Postpaid Plans with Unlimited Calls & Data | Vi India - Regression Tests","Regression Test Suite","",""
"","9172","Verify that 172 Links are present on Vi (Vodafone Idea) Customer Care Number | Vi Complaint & Helpline Number @regression","webkit","2026-06-12","failed","2026-06-12","https://www.myvi.in/ - Vi (Vodafone Idea) Customer Care Number | Vi Complaint & Helpline Number - Regression Tests","Regression Test Suite","",""
"","9935","Verify that 5 Inputs are present on Get your Vi Sim Online and Enjoy Free Delivery | Choose Your Plan Today @regression","webkit","2026-06-12","failed","2026-06-12","https://www.myvi.in/ - Get your Vi Sim Online and Enjoy Free Delivery | Choose Your Plan Today - Regression Tests","Regression Test Suite","",""
"","11958","Verify that 2 Menus are present on Plan Selection Page @regression","chromium","2026-06-12","failed","2026-06-12","https://www.myvi.in/ - Plan Selection Page - Regression Tests","Regression Test Suite","",""
"","10468","Verify that 41 Inputs are present on Vi Official Videos: Tips, Products & Updates @regression","chromium","2026-06-12","passed","2026-06-12","https://www.myvi.in/ - Vi Official Videos: Tips, Products & Updates - Regression Tests","Regression Test Suite","",""
"","9465","Verify that 29 Buttons are present on Get a New Vi Prepaid SIM Card in 3 Simple Steps - Buy New Sim @regression","chromium","2026-06-12","failed","2026-06-12","https://www.myvi.in/ - Get a New Vi Prepaid SIM Card in 3 Simple Steps - Buy New Sim - Regression Tests","Regression Test Suite","",""
"","3442","Verify that 5 Buttons are present on Vi (Vodafone Idea) Careers | Explore Career Opportunities at Vodafone Idea (Vi) @regression","chromium","2026-06-12","passed","2026-06-12","https://www.myvi.in/ - Vi (Vodafone Idea) Careers | Explore Career Opportunities at Vodafone Idea (Vi) - Regression Tests","Regression Test Suite","",""
"","6941","Verify that 95 Links are present on Vi Prepaid Talktime and Top-Up Plans| Easy Online Mobile Recharge @regression","firefox","2026-06-12","failed","2026-06-12","https://www.myvi.in/ - Vi Prepaid Talktime and Top-Up Plans| Easy Online Mobile Recharge - Regression Tests","Regression Test Suite","",""
"","7729","Verify that 53 Headings are present on How to Activate Vi eSIM Card – Easy Online Setup & Steps | Vi India @regression","firefox","2026-06-12","passed","2026-06-12","https://www.myvi.in/ - How to Activate Vi eSIM Card – Easy Online Setup & Steps | Vi India - Regression Tests","Regression Test Suite","",""
"","7325","Verify that 49 Buttons are present on Explore the Best Prepaid Plans – Top Prepaid Recharge Options | Vi India @regression","firefox","2026-06-12","passed","2026-06-12","https://www.myvi.in/ - Explore the Best Prepaid Plans – Top Prepaid Recharge Options | Vi India - Regression Tests","Regression Test Suite","",""
"","6560","Verify that 9 Headings are present on Vi Prepaid Talktime and Top-Up Plans| Easy Online Mobile Recharge @regression","chromium","2026-06-12","passed","2026-06-12","https://www.myvi.in/ - Vi Prepaid Talktime and Top-Up Plans| Easy Online Mobile Recharge - Regression Tests","Regression Test Suite","",""
"","12872","Verify that 2 Menus are present on VoLTE | 4G VoLTE Calls - (Voice Over LTE) for HD Voice Calls | Vi @regression","chromium","2026-06-12","failed","2026-06-12","https://www.myvi.in/ - VoLTE | 4G VoLTE Calls - (Voice Over LTE) for HD Voice Calls | Vi - Regression Tests","Regression Test Suite","",""
"","11595","Verify that Privacy Policy | Vi loads successfully @regression","chromium","2026-06-12","passed","2026-06-12","https://www.myvi.in/ - Privacy Policy | Vi - Regression Tests","Regression Test Suite","",""
"","10209","Verify that 28 Buttons are present on Buy a New Vi 4g SIM Card Online and Get a Free Delivery @regression","webkit","2026-06-12","failed","2026-06-12","https://www.myvi.in/ - Buy a New Vi 4g SIM Card Online and Get a Free Delivery - Regression Tests","Regression Test Suite","",""
"","8030","Verify that 91 Links are present on Pay Vi Postpaid Bill Online - Quick & Secure | Vi India @regression","chromium","2026-06-12","failed","2026-06-12","https://www.myvi.in/ - Pay Vi Postpaid Bill Online - Quick & Secure | Vi India - Regression Tests","Regression Test Suite","",""
"","7291","Verify that 20 Headings are present on Vi Postpaid Plans with Unlimited Calls & Data | Vi India @regression","chromium","2026-06-12","passed","2026-06-12","https://www.myvi.in/ - Vi Postpaid Plans with Unlimited Calls & Data | Vi India - Regression Tests","Regression Test Suite","",""
"","15658","Verify that 46 Headings are present on Enjoy Netflix Subscription Plans with Vi at No Extra Cost @regression","firefox","2026-06-12","failed","2026-06-12","https://www.myvi.in/ - Enjoy Netflix Subscription Plans with Vi at No Extra Cost - Regression Tests","Regression Test Suite","",""
"","8957","Verify that 3 Menus are present on Vi Product & Services FAQs, Frequently Asked Questions @regression","chromium","2026-06-12","failed","2026-06-12","https://www.myvi.in/ - Vi Product & Services FAQs, Frequently Asked Questions - Regression Tests","Regression Test Suite","",""
"","9847","Verify that 29 Headings are present on Port SIM Number to Vi | Enjoy Vi Benefits with Easy MNP process @regression","webkit","2026-06-12","failed","2026-06-12","https://www.myvi.in/ - Port SIM Number to Vi | Enjoy Vi Benefits with Easy MNP process - Regression Tests","Regression Test Suite","",""
"","2898","Verify that Vi (Vodafone Idea) - Vi Max Postpaid | Prepaid | Vi Games & More loads successfully @regression","firefox","2026-06-12","passed","2026-06-12","https://www.myvi.in/ - Vi (Vodafone Idea) - Vi Max Postpaid | Prepaid | Vi Games & More - Regression Tests","Regression Test Suite","",""
"","13234","Verify that 1 Menu is present on Enjoy Netflix Subscription Plans with Vi at No Extra Cost @regression","firefox","2026-06-12","failed","2026-06-12","https://www.myvi.in/ - Enjoy Netflix Subscription Plans with Vi at No Extra Cost - Regression Tests","Regression Test Suite","",""
"","11131","Verify that 134 Inputs are present on Enjoy Netflix Subscription Plans with Vi at No Extra Cost @regression","firefox","2026-06-12","passed","2026-06-12","https://www.myvi.in/ - Enjoy Netflix Subscription Plans with Vi at No Extra Cost - Regression Tests","Regression Test Suite","",""
"","6560","Verify that 2 Forms are present on Vi Postpaid Auto Bill Payment - Setup & Manage Automatic Payments @regression","firefox","2026-06-12","passed","2026-06-12","https://www.myvi.in/ - Vi Postpaid Auto Bill Payment - Setup & Manage Automatic Payments - Regression Tests","Regression Test Suite","",""
"","12633","Verify that 25 Links are present on Get Vi New Postpaid SIM Card Online – Buy Mobile SIM Card In india @regression","chromium","2026-06-12","failed","2026-06-12","https://www.myvi.in/ - Get Vi New Postpaid SIM Card Online – Buy Mobile SIM Card In india - Regression Tests","Regression Test Suite","",""
"","9567","Verify that 172 Links are present on Vi Utility Bill Payments | Water, Gas, Electricity & More @regression","webkit","2026-06-12","failed","2026-06-12","https://www.myvi.in/ - Vi Utility Bill Payments | Water, Gas, Electricity & More - Regression Tests","Regression Test Suite","",""
"","6475","Verify that 1 Form is present on Plan Selection Page @regression","chromium","2026-06-12","passed","2026-06-12","https://www.myvi.in/ - Plan Selection Page - Regression Tests","Regression Test Suite","",""
"","8119","Verify that Vi Product & Services FAQs, Frequently Asked Questions loads successfully @regression","chromium","2026-06-12","passed","2026-06-12","https://www.myvi.in/ - Vi Product & Services FAQs, Frequently Asked Questions - Regression Tests","Regression Test Suite","",""
"","15355","Verify that 88 Inputs are present on Vi International Roaming Packs (2026) - Stay Connected Abroad | Vi India @regression","chromium","2026-06-12","passed","2026-06-12","https://www.myvi.in/ - Vi International Roaming Packs (2026) - Stay Connected Abroad | Vi India - Regression Tests","Regression Test Suite","",""
"","11391","Verify that Vi Unlimited Data, Calls & Internet Plans – Choose Vi Unlimited Plans Today loads successfully @regression","chromium","2026-06-12","passed","2026-06-12","https://www.myvi.in/ - Vi Unlimited Data, Calls & Internet Plans – Choose Vi Unlimited Plans Today - Regression Tests","Regression Test Suite","",""
"","3533","Verify that 2 Forms are present on Vi Loan EMI Payment | Quick & Secure Online Payment @regression","webkit","2026-06-12","passed","2026-06-12","https://www.myvi.in/ - Vi Loan EMI Payment | Quick & Secure Online Payment - Regression Tests","Regression Test Suite","",""
"","11070","Verify that Get Vi New Postpaid SIM Card Online – Buy Mobile SIM Card In india loads successfully @regression","chromium","2026-06-12","passed","2026-06-12","https://www.myvi.in/ - Get Vi New Postpaid SIM Card Online – Buy Mobile SIM Card In india - Regression Tests","Regression Test Suite","",""
"","5014","Verify that 1 Form is present on Online Mobile Recharge - Best Prepaid Plans & Top-Ups | Vi India @regression","chromium","2026-06-12","passed","2026-06-12","https://www.myvi.in/ - Online Mobile Recharge - Best Prepaid Plans & Top-Ups | Vi India - Regression Tests","Regression Test Suite","",""
"","4758","Verify that 3 Inputs are present on Online Mobile Recharge - Best Prepaid Plans & Top-Ups | Vi India @regression","firefox","2026-06-12","passed","2026-06-12","https://www.myvi.in/ - Online Mobile Recharge - Best Prepaid Plans & Top-Ups | Vi India - Regression Tests","Regression Test Suite","",""
"","6281","Verify that 19 Buttons are present on Vi FASTag Recharge Online | Instant Recharge @regression","firefox","2026-06-12","passed","2026-06-12","https://www.myvi.in/ - Vi FASTag Recharge Online | Instant Recharge - Regression Tests","Regression Test Suite","",""
"","32604","Verify that Enjoy Netflix Subscription Plans with Vi at No Extra Cost loads successfully @regression","chromium","2026-06-12","broken","2026-06-12","https://www.myvi.in/ - Enjoy Netflix Subscription Plans with Vi at No Extra Cost - Regression Tests","Regression Test Suite","",""
"","7493","Verify that 1 Input is present on Vi Unlimited Data, Calls & Internet Plans – Choose Vi Unlimited Plans Today @regression","chromium","2026-06-12","passed","2026-06-12","https://www.myvi.in/ - Vi Unlimited Data, Calls & Internet Plans – Choose Vi Unlimited Plans Today - Regression Tests","Regression Test Suite","",""
"","7356","Verify that 16 Headings are present on Vi (Vodafone Idea) Customer Care Number | Vi Complaint & Helpline Number @regression","chromium","2026-06-12","passed","2026-06-12","https://www.myvi.in/ - Vi (Vodafone Idea) Customer Care Number | Vi Complaint & Helpline Number - Regression Tests","Regression Test Suite","",""
"","7710","Verify that Get a New Vi Prepaid SIM Card in 3 Simple Steps - Buy New Sim loads successfully @regression","firefox","2026-06-12","passed","2026-06-12","https://www.myvi.in/ - Get a New Vi Prepaid SIM Card in 3 Simple Steps - Buy New Sim - Regression Tests","Regression Test Suite","",""
"","6010","Verify that 25 Buttons are present on How to Activate Vi eSIM Card – Easy Online Setup & Steps | Vi India @regression","webkit","2026-06-12","passed","2026-06-12","https://www.myvi.in/ - How to Activate Vi eSIM Card – Easy Online Setup & Steps | Vi India - Regression Tests","Regression Test Suite","",""
"","3033","Verify that 1 Input is present on Vi Data Packs - Mobile Data Recharge Plans | Vi India @regression","firefox","2026-06-12","passed","2026-06-12","https://www.myvi.in/ - Vi Data Packs - Mobile Data Recharge Plans | Vi India - Regression Tests","Regression Test Suite","",""
"","4183","Verify that 1 Form is present on Vi Official Videos: Tips, Products & Updates @regression","firefox","2026-06-12","passed","2026-06-12","https://www.myvi.in/ - Vi Official Videos: Tips, Products & Updates - Regression Tests","Regression Test Suite","",""
"","12486","Verify that 25 Links are present on Get Vi New Postpaid SIM Card Online – Buy Mobile SIM Card In india @regression","firefox","2026-06-12","failed","2026-06-12","https://www.myvi.in/ - Get Vi New Postpaid SIM Card Online – Buy Mobile SIM Card In india - Regression Tests","Regression Test Suite","",""
"","7216","Verify that 38 Links are present on Port SIM Number to Vi | Enjoy Vi Benefits with Easy MNP process @regression","firefox","2026-06-12","failed","2026-06-12","https://www.myvi.in/ - Port SIM Number to Vi | Enjoy Vi Benefits with Easy MNP process - Regression Tests","Regression Test Suite","",""
"","10011","Verify that Vi Max Family Plans | Best Postpaid Plan for Family | Postpaid Family Plans loads successfully @regression","chromium","2026-06-12","passed","2026-06-12","https://www.myvi.in/ - Vi Max Family Plans | Best Postpaid Plan for Family | Postpaid Family Plans - Regression Tests","Regression Test Suite","",""
"","9554","Verify that 158 Links are present on Vi FASTag Recharge Online | Instant Recharge @regression","webkit","2026-06-12","failed","2026-06-12","https://www.myvi.in/ - Vi FASTag Recharge Online | Instant Recharge - Regression Tests","Regression Test Suite","",""
"","10140","Verify that 104 Links are present on Explore the Best Prepaid Plans – Top Prepaid Recharge Options | Vi India @regression","firefox","2026-06-12","failed","2026-06-12","https://www.myvi.in/ - Explore the Best Prepaid Plans – Top Prepaid Recharge Options | Vi India - Regression Tests","Regression Test Suite","",""
"","13106","Verify that 138 Inputs are present on Port SIM Number to Vi | Enjoy Vi Benefits with Easy MNP process @regression","chromium","2026-06-12","failed","2026-06-12","https://www.myvi.in/ - Port SIM Number to Vi | Enjoy Vi Benefits with Easy MNP process - Regression Tests","Regression Test Suite","",""
"","4371","Verify that 19 Buttons are present on Pay for Insurance Online with Vi – Fast & Secure Payment @regression","firefox","2026-06-12","passed","2026-06-12","https://www.myvi.in/ - Pay for Insurance Online with Vi – Fast & Secure Payment - Regression Tests","Regression Test Suite","",""
"","4002","Verify that 19 Buttons are present on Pay for Insurance Online with Vi – Fast & Secure Payment @regression","webkit","2026-06-12","passed","2026-06-12","https://www.myvi.in/ - Pay for Insurance Online with Vi – Fast & Secure Payment - Regression Tests","Regression Test Suite","",""
"","6272","Verify that 37 Inputs are present on Vi Electricity Bill Payment | Quick & Secure Online Payment @regression","firefox","2026-06-12","passed","2026-06-12","https://www.myvi.in/ - Vi Electricity Bill Payment | Quick & Secure Online Payment - Regression Tests","Regression Test Suite","",""
"","42735","Verify that 1 Menu is present on Vi (Vodafone Idea) Customer Care Number | Vi Complaint & Helpline Number @regression","chromium","2026-06-12","failed","2026-06-12","https://www.myvi.in/ - Vi (Vodafone Idea) Customer Care Number | Vi Complaint & Helpline Number - Regression Tests","Regression Test Suite","",""
"","7870","Verify that 3 Menus are present on Get Free Night Data & Binge Your Shows with Hero Unlimited | Vi-5G @regression","webkit","2026-06-12","failed","2026-06-12","https://www.myvi.in/ - Get Free Night Data & Binge Your Shows with Hero Unlimited | Vi-5G - Regression Tests","Regression Test Suite","",""
"","4426","Verify that 75 Inputs are present on Register for Postpaid EBill Online | Vi @regression","webkit","2026-06-12","passed","2026-06-12","https://www.myvi.in/ - Register for Postpaid EBill Online | Vi - Regression Tests","Regression Test Suite","",""
"","9398","Verify that 175 Links are present on Enjoy Netflix Subscription Plans with Vi at No Extra Cost @regression","firefox","2026-06-12","failed","2026-06-12","https://www.myvi.in/ - Enjoy Netflix Subscription Plans with Vi at No Extra Cost - Regression Tests","Regression Test Suite","",""
"","10891","Verify that 37 Links are present on Get a New Vi Prepaid SIM Card in 3 Simple Steps - Buy New Sim @regression","chromium","2026-06-12","failed","2026-06-12","https://www.myvi.in/ - Get a New Vi Prepaid SIM Card in 3 Simple Steps - Buy New Sim - Regression Tests","Regression Test Suite","",""
"","7626","Verify that 94 Links are present on Best Vi SMS Packs and SMS Plans for Prepaid Recharge|Vi India @regression","webkit","2026-06-12","failed","2026-06-12","https://www.myvi.in/ - Best Vi SMS Packs and SMS Plans for Prepaid Recharge|Vi India - Regression Tests","Regression Test Suite","",""
"","3066","Verify that 14 Headings are present on WiFi Calling on Vi: Choose VoWiFi for Better Voice Quality @regression","webkit","2026-06-12","passed","2026-06-12","https://www.myvi.in/ - WiFi Calling on Vi: Choose VoWiFi for Better Voice Quality - Regression Tests","Regression Test Suite","",""
"","11793","Verify that 50 Buttons are present on Buy Fancy Numbers Online - Choose Premium VIP Number or Free Options |Vi India @regression","firefox","2026-06-12","failed","2026-06-12","https://www.myvi.in/ - Buy Fancy Numbers Online - Choose Premium VIP Number or Free Options |Vi India - Regression Tests","Regression Test Suite","",""
"","5637","Verify that 49 Buttons are present on Vi Postpaid Plans with Unlimited Calls & Data | Vi India @regression","firefox","2026-06-12","passed","2026-06-12","https://www.myvi.in/ - Vi Postpaid Plans with Unlimited Calls & Data | Vi India - Regression Tests","Regression Test Suite","",""
"","4338","Verify that 1 Input is present on Get Free Night Data & Binge Your Shows with Hero Unlimited | Vi-5G @regression","chromium","2026-06-12","passed","2026-06-12","https://www.myvi.in/ - Get Free Night Data & Binge Your Shows with Hero Unlimited | Vi-5G - Regression Tests","Regression Test Suite","",""
"","4881","Verify that 1 Form is present on Buy a New Vi 4g SIM Card Online and Get a Free Delivery @regression","webkit","2026-06-12","passed","2026-06-12","https://www.myvi.in/ - Buy a New Vi 4g SIM Card Online and Get a Free Delivery - Regression Tests","Regression Test Suite","",""
"","39595","Verify that 1 Form is present on All OTT in One App - OTT Subscription Plans | Vi Movies & TV @regression","chromium","2026-06-12","broken","2026-06-12","https://www.myvi.in/ - All OTT in One App - OTT Subscription Plans | Vi Movies & TV - Regression Tests","Regression Test Suite","",""
"","8762","Verify that 3 Menus are present on Online Mobile Recharge - Best Prepaid Plans & Top-Ups | Vi India @regression","webkit","2026-06-12","failed","2026-06-12","https://www.myvi.in/ - Online Mobile Recharge - Best Prepaid Plans & Top-Ups | Vi India - Regression Tests","Regression Test Suite","",""
"","5119","Verify that 1 Input is present on Vi Prepaid Talktime and Top-Up Plans| Easy Online Mobile Recharge @regression","webkit","2026-06-12","passed","2026-06-12","https://www.myvi.in/ - Vi Prepaid Talktime and Top-Up Plans| Easy Online Mobile Recharge - Regression Tests","Regression Test Suite","",""
"","5040","Verify that 2 Forms are present on Vi (Vodafone Idea) Customer Care Number | Vi Complaint & Helpline Number @regression","firefox","2026-06-12","passed","2026-06-12","https://www.myvi.in/ - Vi (Vodafone Idea) Customer Care Number | Vi Complaint & Helpline Number - Regression Tests","Regression Test Suite","",""
"","9420","Verify that 37 Inputs are present on About Vi - India's Largest Telecom Company @regression","webkit","2026-06-12","failed","2026-06-12","https://www.myvi.in/ - About Vi - India's Largest Telecom Company - Regression Tests","Regression Test Suite","",""
"","6542","Verify that Vi Official Videos: Tips, Products & Updates loads successfully @regression","webkit","2026-06-12","passed","2026-06-12","https://www.myvi.in/ - Vi Official Videos: Tips, Products & Updates - Regression Tests","Regression Test Suite","",""
"","9593","Verify that Best Vi SMS Packs and SMS Plans for Prepaid Recharge|Vi India loads successfully @regression","firefox","2026-06-12","passed","2026-06-12","https://www.myvi.in/ - Best Vi SMS Packs and SMS Plans for Prepaid Recharge|Vi India - Regression Tests","Regression Test Suite","",""
"","6296","Verify that 1 Input is present on Explore the Best Prepaid Plans – Top Prepaid Recharge Options | Vi India @regression","chromium","2026-06-12","passed","2026-06-12","https://www.myvi.in/ - Explore the Best Prepaid Plans – Top Prepaid Recharge Options | Vi India - Regression Tests","Regression Test Suite","",""
"","5880","Verify that 1 Input is present on Get Free Night Data & Binge Your Shows with Hero Unlimited | Vi-5G @regression","webkit","2026-06-12","passed","2026-06-12","https://www.myvi.in/ - Get Free Night Data & Binge Your Shows with Hero Unlimited | Vi-5G - Regression Tests","Regression Test Suite","",""
"","7512","Verify that 3 Menus are present on Vi Data Packs - Mobile Data Recharge Plans | Vi India @regression","webkit","2026-06-12","failed","2026-06-12","https://www.myvi.in/ - Vi Data Packs - Mobile Data Recharge Plans | Vi India - Regression Tests","Regression Test Suite","",""
"","11636","Verify that 158 Links are present on Vi Electricity Bill Payment | Quick & Secure Online Payment @regression","chromium","2026-06-12","failed","2026-06-12","https://www.myvi.in/ - Vi Electricity Bill Payment | Quick & Secure Online Payment - Regression Tests","Regression Test Suite","",""
"","14014","Verify that 9 Headings are present on Vi Data Packs - Mobile Data Recharge Plans | Vi India @regression","chromium","2026-06-12","passed","2026-06-12","https://www.myvi.in/ - Vi Data Packs - Mobile Data Recharge Plans | Vi India - Regression Tests","Regression Test Suite","",""
"","3893","Verify that 37 Inputs are present on Vi Loan EMI Payment | Quick & Secure Online Payment @regression","webkit","2026-06-12","passed","2026-06-12","https://www.myvi.in/ - Vi Loan EMI Payment | Quick & Secure Online Payment - Regression Tests","Regression Test Suite","",""
"","4147","Verify that 1 Form is present on Plan Selection Page @regression","firefox","2026-06-12","passed","2026-06-12","https://www.myvi.in/ - Plan Selection Page - Regression Tests","Regression Test Suite","",""
"","10606","Verify that 2 Forms are present on Credit Card Bill Payment – Quick & Secure Online Bill Payments | Vi @regression","firefox","2026-06-12","passed","2026-06-12","https://www.myvi.in/ - Credit Card Bill Payment – Quick & Secure Online Bill Payments | Vi - Regression Tests","Regression Test Suite","",""
"","6975","Verify that 105 Links are present on Vodafone Idea Foundation – An initiative to change India with Mobile Technology @regression","firefox","2026-06-12","failed","2026-06-12","https://www.myvi.in/ - Vodafone Idea Foundation – An initiative to change India with Mobile Technology - Regression Tests","Regression Test Suite","",""
"","6102","Verify that Vi FASTag Recharge Online | Instant Recharge loads successfully @regression","webkit","2026-06-12","passed","2026-06-12","https://www.myvi.in/ - Vi FASTag Recharge Online | Instant Recharge - Regression Tests","Regression Test Suite","",""
"","3769","Verify that Explore the Best Prepaid Plans – Top Prepaid Recharge Options | Vi India loads successfully @regression","webkit","2026-06-12","passed","2026-06-12","https://www.myvi.in/ - Explore the Best Prepaid Plans – Top Prepaid Recharge Options | Vi India - Regression Tests","Regression Test Suite","",""
"","5687","Verify that Vodafone Idea Foundation – An initiative to change India with Mobile Technology loads successfully @regression","firefox","2026-06-12","passed","2026-06-12","https://www.myvi.in/ - Vodafone Idea Foundation – An initiative to change India with Mobile Technology - Regression Tests","Regression Test Suite","",""
"","6014","Verify that 1 Table is present on Vi Postpaid Plans with Unlimited Calls & Data | Vi India @regression","chromium","2026-06-12","passed","2026-06-12","https://www.myvi.in/ - Vi Postpaid Plans with Unlimited Calls & Data | Vi India - Regression Tests","Regression Test Suite","",""
"","12387","Verify that 54 Inputs are present on Get a New Vi Prepaid SIM Card in 3 Simple Steps - Buy New Sim @regression","webkit","2026-06-12","failed","2026-06-12","https://www.myvi.in/ - Get a New Vi Prepaid SIM Card in 3 Simple Steps - Buy New Sim - Regression Tests","Regression Test Suite","",""
"","27093","Verify that 185 Links are present on Privacy Policy | Vi @regression","chromium","2026-06-12","failed","2026-06-12","https://www.myvi.in/ - Privacy Policy | Vi - Regression Tests","Regression Test Suite","",""
"","8507","Verify that 138 Inputs are present on Port SIM Number to Vi | Enjoy Vi Benefits with Easy MNP process @regression","firefox","2026-06-12","failed","2026-06-12","https://www.myvi.in/ - Port SIM Number to Vi | Enjoy Vi Benefits with Easy MNP process - Regression Tests","Regression Test Suite","",""
"","15203","Verify that 37 Buttons are present on Enjoy Netflix Subscription Plans with Vi at No Extra Cost @regression","chromium","2026-06-12","passed","2026-06-12","https://www.myvi.in/ - Enjoy Netflix Subscription Plans with Vi at No Extra Cost - Regression Tests","Regression Test Suite","",""
"","8940","Verify that Vi Postpaid Plans with Unlimited Calls & Data | Vi India loads successfully @regression","firefox","2026-06-12","passed","2026-06-12","https://www.myvi.in/ - Vi Postpaid Plans with Unlimited Calls & Data | Vi India - Regression Tests","Regression Test Suite","",""
"","6704","Verify that Privacy Policy | Vi loads successfully @regression","webkit","2026-06-12","passed","2026-06-12","https://www.myvi.in/ - Privacy Policy | Vi - Regression Tests","Regression Test Suite","",""
"","8805","Verify that 162 Links are present on VoLTE | 4G VoLTE Calls - (Voice Over LTE) for HD Voice Calls | Vi @regression","firefox","2026-06-12","failed","2026-06-12","https://www.myvi.in/ - VoLTE | 4G VoLTE Calls - (Voice Over LTE) for HD Voice Calls | Vi - Regression Tests","Regression Test Suite","",""
"","8787","Verify that 58 Buttons are present on All OTT in One App - OTT Subscription Plans | Vi Movies & TV @regression","webkit","2026-06-12","passed","2026-06-12","https://www.myvi.in/ - All OTT in One App - OTT Subscription Plans | Vi Movies & TV - Regression Tests","Regression Test Suite","",""
"","11850","Verify that 52 Headings are present on Vi Business - B2B: Mobility, Connectivity, Security, IoT & Cloud @regression","webkit","2026-06-12","failed","2026-06-12","https://www.myvi.in/ - Vi Business - B2B: Mobility, Connectivity, Security, IoT & Cloud - Regression Tests","Regression Test Suite","",""
"","10625","Verify that 27 Headings are present on Buy Fancy Numbers Online - Choose Premium VIP Number or Free Options |Vi India @regression","webkit","2026-06-12","failed","2026-06-12","https://www.myvi.in/ - Buy Fancy Numbers Online - Choose Premium VIP Number or Free Options |Vi India - Regression Tests","Regression Test Suite","",""
"","21263","Verify that 175 Links are present on Enjoy Netflix Subscription Plans with Vi at No Extra Cost @regression","chromium","2026-06-12","failed","2026-06-12","https://www.myvi.in/ - Enjoy Netflix Subscription Plans with Vi at No Extra Cost - Regression Tests","Regression Test Suite","",""
"","23518","Verify that 168 Inputs are present on Buy Fancy Numbers Online - Choose Premium VIP Number or Free Options |Vi India @regression","chromium","2026-06-12","failed","2026-06-12","https://www.myvi.in/ - Buy Fancy Numbers Online - Choose Premium VIP Number or Free Options |Vi India - Regression Tests","Regression Test Suite","",""
"","3172","Verify that Vi Unlimited Data, Calls & Internet Plans – Choose Vi Unlimited Plans Today loads successfully @regression","webkit","2026-06-12","passed","2026-06-12","https://www.myvi.in/ - Vi Unlimited Data, Calls & Internet Plans – Choose Vi Unlimited Plans Today - Regression Tests","Regression Test Suite","",""
"","5868","Verify that 13 Buttons are present on Vi Official Videos: Tips, Products & Updates @regression","firefox","2026-06-12","passed","2026-06-12","https://www.myvi.in/ - Vi Official Videos: Tips, Products & Updates - Regression Tests","Regression Test Suite","",""
"","10749","Verify that 189 Links are present on Vi International Roaming Packs (2026) - Stay Connected Abroad | Vi India @regression","webkit","2026-06-12","failed","2026-06-12","https://www.myvi.in/ - Vi International Roaming Packs (2026) - Stay Connected Abroad | Vi India - Regression Tests","Regression Test Suite","",""
"","12210","Verify that 158 Links are present on Pay for Insurance Online with Vi – Fast & Secure Payment @regression","chromium","2026-06-12","failed","2026-06-12","https://www.myvi.in/ - Pay for Insurance Online with Vi – Fast & Secure Payment - Regression Tests","Regression Test Suite","",""
"","2585","Verify that 26 Links are present on Vi Max Family Plans | Best Postpaid Plan for Family | Postpaid Family Plans @regression","firefox","2026-06-12","passed","2026-06-12","https://www.myvi.in/ - Vi Max Family Plans | Best Postpaid Plan for Family | Postpaid Family Plans - Regression Tests","Regression Test Suite","",""
"","7037","Verify that 2 Forms are present on Vi FASTag Recharge Online | Instant Recharge @regression","firefox","2026-06-12","passed","2026-06-12","https://www.myvi.in/ - Vi FASTag Recharge Online | Instant Recharge - Regression Tests","Regression Test Suite","",""
"","13318","Verify that 45 Inputs are present on Vi Business - B2B: Mobility, Connectivity, Security, IoT & Cloud @regression","firefox","2026-06-12","failed","2026-06-12","https://www.myvi.in/ - Vi Business - B2B: Mobility, Connectivity, Security, IoT & Cloud - Regression Tests","Regression Test Suite","",""
"","15816","Verify that 168 Inputs are present on Buy Fancy Numbers Online - Choose Premium VIP Number or Free Options |Vi India @regression","firefox","2026-06-12","failed","2026-06-12","https://www.myvi.in/ - Buy Fancy Numbers Online - Choose Premium VIP Number or Free Options |Vi India - Regression Tests","Regression Test Suite","",""
"","2719","Verify that 1 Form is present on Vi Prepaid Talktime and Top-Up Plans| Easy Online Mobile Recharge @regression","firefox","2026-06-12","passed","2026-06-12","https://www.myvi.in/ - Vi Prepaid Talktime and Top-Up Plans| Easy Online Mobile Recharge - Regression Tests","Regression Test Suite","",""
"","9219","Verify that 1 Menu is present on Vi Loan EMI Payment | Quick & Secure Online Payment @regression","firefox","2026-06-12","failed","2026-06-12","https://www.myvi.in/ - Vi Loan EMI Payment | Quick & Secure Online Payment - Regression Tests","Regression Test Suite","",""
"","5749","Verify that 9 Headings are present on Vi Data Packs - Mobile Data Recharge Plans | Vi India @regression","webkit","2026-06-12","passed","2026-06-12","https://www.myvi.in/ - Vi Data Packs - Mobile Data Recharge Plans | Vi India - Regression Tests","Regression Test Suite","",""
"","10378","Verify that 26 Links are present on Buy a New Vi 4g SIM Card Online and Get a Free Delivery @regression","webkit","2026-06-12","failed","2026-06-12","https://www.myvi.in/ - Buy a New Vi 4g SIM Card Online and Get a Free Delivery - Regression Tests","Regression Test Suite","",""
"","13503","Verify that 2 Menus are present on Check Vi SIM Status Online | Track Your Connection & Orders @regression","firefox","2026-06-12","failed","2026-06-12","https://www.myvi.in/ - Check Vi SIM Status Online | Track Your Connection & Orders - Regression Tests","Regression Test Suite","",""
"","3024","Verify that Vi Prepaid Talktime and Top-Up Plans| Easy Online Mobile Recharge loads successfully @regression","webkit","2026-06-12","passed","2026-06-12","https://www.myvi.in/ - Vi Prepaid Talktime and Top-Up Plans| Easy Online Mobile Recharge - Regression Tests","Regression Test Suite","",""
"","9479","Verify that 40 Inputs are present on How to Activate Vi eSIM Card – Easy Online Setup & Steps | Vi India @regression","firefox","2026-06-12","passed","2026-06-12","https://www.myvi.in/ - How to Activate Vi eSIM Card – Easy Online Setup & Steps | Vi India - Regression Tests","Regression Test Suite","",""
"","9470","Verify that 5 Buttons are present on Vi Blog | Get Latest News & Information on Vi Network @regression","firefox","2026-06-12","failed","2026-06-12","https://www.myvi.in/ - Vi Blog | Get Latest News & Information on Vi Network - Regression Tests","Regression Test Suite","",""
"","11425","Verify that 19 Inputs are present on Get Vi New Postpaid SIM Card Online – Buy Mobile SIM Card In india @regression","chromium","2026-06-12","failed","2026-06-12","https://www.myvi.in/ - Get Vi New Postpaid SIM Card Online – Buy Mobile SIM Card In india - Regression Tests","Regression Test Suite","",""
"","7588","Verify that 2 Forms are present on Vi Postpaid Auto Bill Payment - Setup & Manage Automatic Payments @regression","chromium","2026-06-12","passed","2026-06-12","https://www.myvi.in/ - Vi Postpaid Auto Bill Payment - Setup & Manage Automatic Payments - Regression Tests","Regression Test Suite","",""
"","6327","Verify that Port SIM Number to Vi | Enjoy Vi Benefits with Easy MNP process loads successfully @regression","webkit","2026-06-12","passed","2026-06-12","https://www.myvi.in/ - Port SIM Number to Vi | Enjoy Vi Benefits with Easy MNP process - Regression Tests","Regression Test Suite","",""
"","11937","Verify that 33 Links are present on Buy Fancy Numbers Online - Choose Premium VIP Number or Free Options |Vi India @regression","firefox","2026-06-12","failed","2026-06-12","https://www.myvi.in/ - Buy Fancy Numbers Online - Choose Premium VIP Number or Free Options |Vi India - Regression Tests","Regression Test Suite","",""
"","11248","Verify that 66 Inputs are present on Buy a New Vi 4g SIM Card Online and Get a Free Delivery @regression","firefox","2026-06-12","failed","2026-06-12","https://www.myvi.in/ - Buy a New Vi 4g SIM Card Online and Get a Free Delivery - Regression Tests","Regression Test Suite","",""
"","10597","Verify that Vi International Roaming Packs (2026) - Stay Connected Abroad | Vi India loads successfully @regression","firefox","2026-06-12","passed","2026-06-12","https://www.myvi.in/ - Vi International Roaming Packs (2026) - Stay Connected Abroad | Vi India - Regression Tests","Regression Test Suite","",""
"","4806","Verify that 1 Form is present on Port SIM Number to Vi | Enjoy Vi Benefits with Easy MNP process @regression","webkit","2026-06-12","passed","2026-06-12","https://www.myvi.in/ - Port SIM Number to Vi | Enjoy Vi Benefits with Easy MNP process - Regression Tests","Regression Test Suite","",""
"","31111","Verify that 134 Inputs are present on Enjoy Netflix Subscription Plans with Vi at No Extra Cost @regression","chromium","2026-06-12","passed","2026-06-12","https://www.myvi.in/ - Enjoy Netflix Subscription Plans with Vi at No Extra Cost - Regression Tests","Regression Test Suite","",""
"","10313","Verify that 25 Links are present on Check Vi SIM Status Online | Track Your Connection & Orders @regression","chromium","2026-06-12","failed","2026-06-12","https://www.myvi.in/ - Check Vi SIM Status Online | Track Your Connection & Orders - Regression Tests","Regression Test Suite","",""
"","11424","Verify that 64 Headings are present on Vi International Roaming Packs (2026) - Stay Connected Abroad | Vi India @regression","firefox","2026-06-12","passed","2026-06-12","https://www.myvi.in/ - Vi International Roaming Packs (2026) - Stay Connected Abroad | Vi India - Regression Tests","Regression Test Suite","",""
"","8382","Verify that Get a New Vi Prepaid SIM Card in 3 Simple Steps - Buy New Sim loads successfully @regression","chromium","2026-06-12","passed","2026-06-12","https://www.myvi.in/ - Get a New Vi Prepaid SIM Card in 3 Simple Steps - Buy New Sim - Regression Tests","Regression Test Suite","",""
"","11454","Verify that 45 Inputs are present on Vi Business - B2B: Mobility, Connectivity, Security, IoT & Cloud @regression","webkit","2026-06-12","failed","2026-06-12","https://www.myvi.in/ - Vi Business - B2B: Mobility, Connectivity, Security, IoT & Cloud - Regression Tests","Regression Test Suite","",""
"","6265","Verify that 64 Headings are present on Vi International Roaming Packs (2026) - Stay Connected Abroad | Vi India @regression","webkit","2026-06-12","passed","2026-06-12","https://www.myvi.in/ - Vi International Roaming Packs (2026) - Stay Connected Abroad | Vi India - Regression Tests","Regression Test Suite","",""
"","11179","Verify that 2 Menus are present on Plan Selection Page @regression","firefox","2026-06-12","failed","2026-06-12","https://www.myvi.in/ - Plan Selection Page - Regression Tests","Regression Test Suite","",""
"","9942","Verify that 25 Links are present on Check Vi SIM Status Online | Track Your Connection & Orders @regression","webkit","2026-06-12","failed","2026-06-12","https://www.myvi.in/ - Check Vi SIM Status Online | Track Your Connection & Orders - Regression Tests","Regression Test Suite","",""
"","8731","Verify that 2 Menus are present on SonyLIV Subscription Plans with Vi | Watch Movies, Shows & Sports @regression","firefox","2026-06-12","failed","2026-06-12","https://www.myvi.in/ - SonyLIV Subscription Plans with Vi | Watch Movies, Shows & Sports - Regression Tests","Regression Test Suite","",""
"","5813","Verify that Vi Loan EMI Payment | Quick & Secure Online Payment loads successfully @regression","webkit","2026-06-12","passed","2026-06-12","https://www.myvi.in/ - Vi Loan EMI Payment | Quick & Secure Online Payment - Regression Tests","Regression Test Suite","",""
"","10977","Verify that 75 Headings are present on All OTT in One App - OTT Subscription Plans | Vi Movies & TV @regression","chromium","2026-06-12","passed","2026-06-12","https://www.myvi.in/ - All OTT in One App - OTT Subscription Plans | Vi Movies & TV - Regression Tests","Regression Test Suite","",""
"","4914","Verify that 37 Inputs are present on Pay for Insurance Online with Vi – Fast & Secure Payment @regression","firefox","2026-06-12","passed","2026-06-12","https://www.myvi.in/ - Pay for Insurance Online with Vi – Fast & Secure Payment - Regression Tests","Regression Test Suite","",""
"","8036","Verify that 86 Links are present on Vi 5G Network in India – Explore Plans, SIM & Coverage Map | Vi India @regression","webkit","2026-06-12","failed","2026-06-12","https://www.myvi.in/ - Vi 5G Network in India – Explore Plans, SIM & Coverage Map | Vi India - Regression Tests","Regression Test Suite","",""
"","7731","Verify that 3 Menus are present on Explore the Best Prepaid Plans – Top Prepaid Recharge Options | Vi India @regression","webkit","2026-06-12","failed","2026-06-12","https://www.myvi.in/ - Explore the Best Prepaid Plans – Top Prepaid Recharge Options | Vi India - Regression Tests","Regression Test Suite","",""
"","4185","Verify that 17 Headings are present on Vi Postpaid Auto Bill Payment - Setup & Manage Automatic Payments @regression","webkit","2026-06-12","passed","2026-06-12","https://www.myvi.in/ - Vi Postpaid Auto Bill Payment - Setup & Manage Automatic Payments - Regression Tests","Regression Test Suite","",""
"","4963","Verify that 1 Input is present on Explore the Best Prepaid Plans – Top Prepaid Recharge Options | Vi India @regression","webkit","2026-06-12","passed","2026-06-12","https://www.myvi.in/ - Explore the Best Prepaid Plans – Top Prepaid Recharge Options | Vi India - Regression Tests","Regression Test Suite","",""
"","7520","Verify that 19 Inputs are present on Get Vi New Postpaid SIM Card Online – Buy Mobile SIM Card In india @regression","firefox","2026-06-12","failed","2026-06-12","https://www.myvi.in/ - Get Vi New Postpaid SIM Card Online – Buy Mobile SIM Card In india - Regression Tests","Regression Test Suite","",""
"","5697","Verify that Register for Postpaid EBill Online | Vi loads successfully @regression","webkit","2026-06-12","passed","2026-06-12","https://www.myvi.in/ - Register for Postpaid EBill Online | Vi - Regression Tests","Regression Test Suite","",""
"","9027","Verify that 1 Menu is present on Credit Card Bill Payment – Quick & Secure Online Bill Payments | Vi @regression","webkit","2026-06-12","failed","2026-06-12","https://www.myvi.in/ - Credit Card Bill Payment – Quick & Secure Online Bill Payments | Vi - Regression Tests","Regression Test Suite","",""
"","5416","Verify that 1 Form is present on Vi Prepaid Talktime and Top-Up Plans| Easy Online Mobile Recharge @regression","webkit","2026-06-12","passed","2026-06-12","https://www.myvi.in/ - Vi Prepaid Talktime and Top-Up Plans| Easy Online Mobile Recharge - Regression Tests","Regression Test Suite","",""
"","10137","Verify that 2 Menus are present on Vi Postpaid Plans with Unlimited Calls & Data | Vi India @regression","firefox","2026-06-12","failed","2026-06-12","https://www.myvi.in/ - Vi Postpaid Plans with Unlimited Calls & Data | Vi India - Regression Tests","Regression Test Suite","",""
"","5302","Verify that Online Mobile Recharge - Best Prepaid Plans & Top-Ups | Vi India loads successfully @regression","chromium","2026-06-12","passed","2026-06-12","https://www.myvi.in/ - Online Mobile Recharge - Best Prepaid Plans & Top-Ups | Vi India - Regression Tests","Regression Test Suite","",""
"","6921","Verify that 1 Table is present on Enjoy Netflix Subscription Plans with Vi at No Extra Cost @regression","webkit","2026-06-12","passed","2026-06-12","https://www.myvi.in/ - Enjoy Netflix Subscription Plans with Vi at No Extra Cost - Regression Tests","Regression Test Suite","",""
"","6795","Verify that 2 Forms are present on Vi Postpaid Plans with Unlimited Calls & Data | Vi India @regression","chromium","2026-06-12","passed","2026-06-12","https://www.myvi.in/ - Vi Postpaid Plans with Unlimited Calls & Data | Vi India - Regression Tests","Regression Test Suite","",""
"","8038","Verify that Vi Postpaid Auto Bill Payment - Setup & Manage Automatic Payments loads successfully @regression","chromium","2026-06-12","passed","2026-06-12","https://www.myvi.in/ - Vi Postpaid Auto Bill Payment - Setup & Manage Automatic Payments - Regression Tests","Regression Test Suite","",""
"","4689","Verify that 1 Heading is present on Vi Electricity Bill Payment | Quick & Secure Online Payment @regression","webkit","2026-06-12","passed","2026-06-12","https://www.myvi.in/ - Vi Electricity Bill Payment | Quick & Secure Online Payment - Regression Tests","Regression Test Suite","",""
"","7030","Verify that 75 Inputs are present on Register for Postpaid EBill Online | Vi @regression","chromium","2026-06-12","passed","2026-06-12","https://www.myvi.in/ - Register for Postpaid EBill Online | Vi - Regression Tests","Regression Test Suite","",""
"","12343","Verify that Enjoy Netflix Subscription Plans with Vi at No Extra Cost loads successfully @regression","firefox","2026-06-12","passed","2026-06-12","https://www.myvi.in/ - Enjoy Netflix Subscription Plans with Vi at No Extra Cost - Regression Tests","Regression Test Suite","",""
"","4276","Verify that 15 Buttons are present on Vi Utility Bill Payments | Water, Gas, Electricity & More @regression","webkit","2026-06-12","passed","2026-06-12","https://www.myvi.in/ - Vi Utility Bill Payments | Water, Gas, Electricity & More - Regression Tests","Regression Test Suite","",""
"","5420","Verify that 75 Inputs are present on Register for Postpaid EBill Online | Vi @regression","firefox","2026-06-12","passed","2026-06-12","https://www.myvi.in/ - Register for Postpaid EBill Online | Vi - Regression Tests","Regression Test Suite","",""
"","6685","Verify that About Vi - India's Largest Telecom Company loads successfully @regression","webkit","2026-06-12","passed","2026-06-12","https://www.myvi.in/ - About Vi - India's Largest Telecom Company - Regression Tests","Regression Test Suite","",""
"","5448","Verify that 100 Inputs are present on Vi Postpaid Plans with Unlimited Calls & Data | Vi India @regression","webkit","2026-06-12","passed","2026-06-12","https://www.myvi.in/ - Vi Postpaid Plans with Unlimited Calls & Data | Vi India - Regression Tests","Regression Test Suite","",""
"","10089","Verify that 2 Menus are present on Buy Fancy Numbers Online - Choose Premium VIP Number or Free Options |Vi India @regression","webkit","2026-06-12","failed","2026-06-12","https://www.myvi.in/ - Buy Fancy Numbers Online - Choose Premium VIP Number or Free Options |Vi India - Regression Tests","Regression Test Suite","",""
"","9031","Verify that 2 Menus are present on Vi Postpaid Auto Bill Payment - Setup & Manage Automatic Payments @regression","firefox","2026-06-12","failed","2026-06-12","https://www.myvi.in/ - Vi Postpaid Auto Bill Payment - Setup & Manage Automatic Payments - Regression Tests","Regression Test Suite","",""
"","8644","Verify that 1 Form is present on Privacy Policy | Vi @regression","chromium","2026-06-12","passed","2026-06-12","https://www.myvi.in/ - Privacy Policy | Vi - Regression Tests","Regression Test Suite","",""
"","4986","Verify that 10 Headings are present on Vi 5G Network in India – Explore Plans, SIM & Coverage Map | Vi India @regression","webkit","2026-06-12","passed","2026-06-12","https://www.myvi.in/ - Vi 5G Network in India – Explore Plans, SIM & Coverage Map | Vi India - Regression Tests","Regression Test Suite","",""
"","4982","Verify that 58 Inputs are present on Privacy Policy | Vi @regression","webkit","2026-06-12","passed","2026-06-12","https://www.myvi.in/ - Privacy Policy | Vi - Regression Tests","Regression Test Suite","",""
"","3780","Verify that 19 Buttons are present on Vi Loan EMI Payment | Quick & Secure Online Payment @regression","webkit","2026-06-12","passed","2026-06-12","https://www.myvi.in/ - Vi Loan EMI Payment | Quick & Secure Online Payment - Regression Tests","Regression Test Suite","",""
"","4895","Verify that 39 Headings are present on Privacy Policy | Vi @regression","webkit","2026-06-12","passed","2026-06-12","https://www.myvi.in/ - Privacy Policy | Vi - Regression Tests","Regression Test Suite","",""
"","5572","Verify that 8 Headings are present on Best Vi SMS Packs and SMS Plans for Prepaid Recharge|Vi India @regression","chromium","2026-06-12","passed","2026-06-12","https://www.myvi.in/ - Best Vi SMS Packs and SMS Plans for Prepaid Recharge|Vi India - Regression Tests","Regression Test Suite","",""
"","4402","Verify that 1 Input is present on Vodafone Idea News (Vi): Latest Vi News, Press Releases &amp; Updates @regression","firefox","2026-06-12","passed","2026-06-12","https://www.myvi.in/ - Vodafone Idea News (Vi): Latest Vi News, Press Releases &amp; Updates - Regression Tests","Regression Test Suite","",""
"","9813","Verify that 29 Buttons are present on Get a New Vi Prepaid SIM Card in 3 Simple Steps - Buy New Sim @regression","webkit","2026-06-12","failed","2026-06-12","https://www.myvi.in/ - Get a New Vi Prepaid SIM Card in 3 Simple Steps - Buy New Sim - Regression Tests","Regression Test Suite","",""
"","11717","Verify that 37 Inputs are present on About Vi - India's Largest Telecom Company @regression","firefox","2026-06-12","failed","2026-06-12","https://www.myvi.in/ - About Vi - India's Largest Telecom Company - Regression Tests","Regression Test Suite","",""
"","6536","Verify that 1 Form is present on How to Activate Vi eSIM Card – Easy Online Setup & Steps | Vi India @regression","webkit","2026-06-12","passed","2026-06-12","https://www.myvi.in/ - How to Activate Vi eSIM Card – Easy Online Setup & Steps | Vi India - Regression Tests","Regression Test Suite","",""
"","4357","Verify that Get Free Night Data & Binge Your Shows with Hero Unlimited | Vi-5G loads successfully @regression","firefox","2026-06-12","passed","2026-06-12","https://www.myvi.in/ - Get Free Night Data & Binge Your Shows with Hero Unlimited | Vi-5G - Regression Tests","Regression Test Suite","",""
"","4520","Verify that 8 Headings are present on Best Vi SMS Packs and SMS Plans for Prepaid Recharge|Vi India @regression","firefox","2026-06-12","passed","2026-06-12","https://www.myvi.in/ - Best Vi SMS Packs and SMS Plans for Prepaid Recharge|Vi India - Regression Tests","Regression Test Suite","",""
"","7983","Verify that 90 Links are present on Online Mobile Recharge - Best Prepaid Plans & Top-Ups | Vi India @regression","webkit","2026-06-12","failed","2026-06-12","https://www.myvi.in/ - Online Mobile Recharge - Best Prepaid Plans & Top-Ups | Vi India - Regression Tests","Regression Test Suite","",""
"","7569","Verify that 3 Menus are present on Best Vi SMS Packs and SMS Plans for Prepaid Recharge|Vi India @regression","chromium","2026-06-12","failed","2026-06-12","https://www.myvi.in/ - Best Vi SMS Packs and SMS Plans for Prepaid Recharge|Vi India - Regression Tests","Regression Test Suite","",""
"","10180","Verify that 13 Links are present on Plan Selection Page @regression","chromium","2026-06-12","failed","2026-06-12","https://www.myvi.in/ - Plan Selection Page - Regression Tests","Regression Test Suite","",""
"","10645","Verify that 1 Menu is present on How to Activate Vi eSIM Card – Easy Online Setup & Steps | Vi India @regression","chromium","2026-06-12","failed","2026-06-12","https://www.myvi.in/ - How to Activate Vi eSIM Card – Easy Online Setup & Steps | Vi India - Regression Tests","Regression Test Suite","",""
"","7090","Verify that 3 Menus are present on Vodafone Idea Foundation – An initiative to change India with Mobile Technology @regression","firefox","2026-06-12","failed","2026-06-12","https://www.myvi.in/ - Vodafone Idea Foundation – An initiative to change India with Mobile Technology - Regression Tests","Regression Test Suite","",""
"","24678","Verify that All OTT in One App - OTT Subscription Plans | Vi Movies & TV loads successfully @regression","chromium","2026-06-12","passed","2026-06-12","https://www.myvi.in/ - All OTT in One App - OTT Subscription Plans | Vi Movies & TV - Regression Tests","Regression Test Suite","",""
"","10131","Verify that 168 Inputs are present on Buy Fancy Numbers Online - Choose Premium VIP Number or Free Options |Vi India @regression","webkit","2026-06-12","failed","2026-06-12","https://www.myvi.in/ - Buy Fancy Numbers Online - Choose Premium VIP Number or Free Options |Vi India - Regression Tests","Regression Test Suite","",""
"","10903","Verify that 46 Buttons are present on Port SIM Number to Vi | Enjoy Vi Benefits with Easy MNP process @regression","chromium","2026-06-12","failed","2026-06-12","https://www.myvi.in/ - Port SIM Number to Vi | Enjoy Vi Benefits with Easy MNP process - Regression Tests","Regression Test Suite","",""
"","9165","Verify that 94 Links are present on Best Vi SMS Packs and SMS Plans for Prepaid Recharge|Vi India @regression","chromium","2026-06-12","failed","2026-06-12","https://www.myvi.in/ - Best Vi SMS Packs and SMS Plans for Prepaid Recharge|Vi India - Regression Tests","Regression Test Suite","",""
"","10189","Verify that 2 Menus are present on SonyLIV Subscription Plans with Vi | Watch Movies, Shows & Sports @regression","chromium","2026-06-12","failed","2026-06-12","https://www.myvi.in/ - SonyLIV Subscription Plans with Vi | Watch Movies, Shows & Sports - Regression Tests","Regression Test Suite","",""
"","3048","Verify that 1 Form is present on Online Mobile Recharge - Best Prepaid Plans & Top-Ups | Vi India @regression","webkit","2026-06-12","passed","2026-06-12","https://www.myvi.in/ - Online Mobile Recharge - Best Prepaid Plans & Top-Ups | Vi India - Regression Tests","Regression Test Suite","",""
"","2870","Verify that 1 Input is present on Vi Prepaid Talktime and Top-Up Plans| Easy Online Mobile Recharge @regression","firefox","2026-06-12","passed","2026-06-12","https://www.myvi.in/ - Vi Prepaid Talktime and Top-Up Plans| Easy Online Mobile Recharge - Regression Tests","Regression Test Suite","",""
"","8198","Verify that 108 Links are present on Vi Blog | Get Latest News & Information on Vi Network @regression","webkit","2026-06-12","failed","2026-06-12","https://www.myvi.in/ - Vi Blog | Get Latest News & Information on Vi Network - Regression Tests","Regression Test Suite","",""
"","5492","Verify that Vi Unlimited Data, Calls & Internet Plans – Choose Vi Unlimited Plans Today loads successfully @regression","firefox","2026-06-12","passed","2026-06-12","https://www.myvi.in/ - Vi Unlimited Data, Calls & Internet Plans – Choose Vi Unlimited Plans Today - Regression Tests","Regression Test Suite","",""
"","13279","Verify that 29 Links are present on Get your Vi Sim Online and Enjoy Free Delivery | Choose Your Plan Today @regression","chromium","2026-06-12","failed","2026-06-12","https://www.myvi.in/ - Get your Vi Sim Online and Enjoy Free Delivery | Choose Your Plan Today - Regression Tests","Regression Test Suite","",""
"","8749","Verify that 236 Inputs are present on All OTT in One App - OTT Subscription Plans | Vi Movies & TV @regression","webkit","2026-06-12","passed","2026-06-12","https://www.myvi.in/ - All OTT in One App - OTT Subscription Plans | Vi Movies & TV - Regression Tests","Regression Test Suite","",""
"","4785","Verify that 15 Buttons are present on Privacy Policy | Vi @regression","webkit","2026-06-12","passed","2026-06-12","https://www.myvi.in/ - Privacy Policy | Vi - Regression Tests","Regression Test Suite","",""
"","4770","Verify that 1 Form is present on Best Vi SMS Packs and SMS Plans for Prepaid Recharge|Vi India @regression","firefox","2026-06-12","passed","2026-06-12","https://www.myvi.in/ - Best Vi SMS Packs and SMS Plans for Prepaid Recharge|Vi India - Regression Tests","Regression Test Suite","",""
"","10328","Verify that 19 Inputs are present on Get Vi New Postpaid SIM Card Online – Buy Mobile SIM Card In india @regression","webkit","2026-06-12","failed","2026-06-12","https://www.myvi.in/ - Get Vi New Postpaid SIM Card Online – Buy Mobile SIM Card In india - Regression Tests","Regression Test Suite","",""
"","20086","Verify that 1 Form is present on Vi (Vodafone Idea) - Vi Max Postpaid | Prepaid | Vi Games & More @regression","chromium","2026-06-12","passed","2026-06-12","https://www.myvi.in/ - Vi (Vodafone Idea) - Vi Max Postpaid | Prepaid | Vi Games & More - Regression Tests","Regression Test Suite","",""
"","12834","Verify that 26 Links are present on Buy a New Vi 4g SIM Card Online and Get a Free Delivery @regression","firefox","2026-06-12","failed","2026-06-12","https://www.myvi.in/ - Buy a New Vi 4g SIM Card Online and Get a Free Delivery - Regression Tests","Regression Test Suite","",""
"","7740","Verify that 1 Form is present on Vi Utility Bill Payments | Water, Gas, Electricity & More @regression","chromium","2026-06-12","passed","2026-06-12","https://www.myvi.in/ - Vi Utility Bill Payments | Water, Gas, Electricity & More - Regression Tests","Regression Test Suite","",""
"","6215","Verify that 8 Buttons are present on Vi (Vodafone Idea) - Vi Max Postpaid | Prepaid | Vi Games & More @regression","firefox","2026-06-12","passed","2026-06-12","https://www.myvi.in/ - Vi (Vodafone Idea) - Vi Max Postpaid | Prepaid | Vi Games & More - Regression Tests","Regression Test Suite","",""
"","4579","Verify that 3 Headings are present on About Vi - India's Largest Telecom Company @regression","webkit","2026-06-12","passed","2026-06-12","https://www.myvi.in/ - About Vi - India's Largest Telecom Company - Regression Tests","Regression Test Suite","",""
"","14843","Verify that 3 Menus are present on WiFi Calling on Vi: Choose VoWiFi for Better Voice Quality @regression","chromium","2026-06-12","failed","2026-06-12","https://www.myvi.in/ - WiFi Calling on Vi: Choose VoWiFi for Better Voice Quality - Regression Tests","Regression Test Suite","",""
"","9350","Verify that 2 Menus are present on Port SIM Number to Vi | Enjoy Vi Benefits with Easy MNP process @regression","firefox","2026-06-12","failed","2026-06-12","https://www.myvi.in/ - Port SIM Number to Vi | Enjoy Vi Benefits with Easy MNP process - Regression Tests","Regression Test Suite","",""
"","2803","Verify that 2 Forms are present on Pay Vi Postpaid Bill Online - Quick & Secure | Vi India @regression","firefox","2026-06-12","passed","2026-06-12","https://www.myvi.in/ - Pay Vi Postpaid Bill Online - Quick & Secure | Vi India - Regression Tests","Regression Test Suite","",""
"","10056","Verify that Vi (Vodafone Idea) Customer Care Number | Vi Complaint & Helpline Number loads successfully @regression","firefox","2026-06-12","passed","2026-06-12","https://www.myvi.in/ - Vi (Vodafone Idea) Customer Care Number | Vi Complaint & Helpline Number - Regression Tests","Regression Test Suite","",""
"","36058","Verify that 4 Forms are present on Enjoy Netflix Subscription Plans with Vi at No Extra Cost @regression","chromium","2026-06-12","broken","2026-06-12","https://www.myvi.in/ - Enjoy Netflix Subscription Plans with Vi at No Extra Cost - Regression Tests","Regression Test Suite","",""
"","3402","Verify that 9 Headings are present on Vi Data Packs - Mobile Data Recharge Plans | Vi India @regression","firefox","2026-06-12","passed","2026-06-12","https://www.myvi.in/ - Vi Data Packs - Mobile Data Recharge Plans | Vi India - Regression Tests","Regression Test Suite","",""
"","26878","Verify that 236 Inputs are present on All OTT in One App - OTT Subscription Plans | Vi Movies & TV @regression","chromium","2026-06-12","passed","2026-06-12","https://www.myvi.in/ - All OTT in One App - OTT Subscription Plans | Vi Movies & TV - Regression Tests","Regression Test Suite","",""
"","8111","Verify that Vi FASTag Recharge Online | Instant Recharge loads successfully @regression","chromium","2026-06-12","passed","2026-06-12","https://www.myvi.in/ - Vi FASTag Recharge Online | Instant Recharge - Regression Tests","Regression Test Suite","",""
"","12233","Verify that 177 Links are present on All OTT in One App - OTT Subscription Plans | Vi Movies & TV @regression","chromium","2026-06-12","failed","2026-06-12","https://www.myvi.in/ - All OTT in One App - OTT Subscription Plans | Vi Movies & TV - Regression Tests","Regression Test Suite","",""
"","12102","Verify that 158 Links are present on Vi Loan EMI Payment | Quick & Secure Online Payment @regression","chromium","2026-06-12","failed","2026-06-12","https://www.myvi.in/ - Vi Loan EMI Payment | Quick & Secure Online Payment - Regression Tests","Regression Test Suite","",""
"","3924","Verify that 23 Buttons are present on Vi Postpaid Auto Bill Payment - Setup & Manage Automatic Payments @regression","webkit","2026-06-12","passed","2026-06-12","https://www.myvi.in/ - Vi Postpaid Auto Bill Payment - Setup & Manage Automatic Payments - Regression Tests","Regression Test Suite","",""
"","4068","Verify that 1 Form is present on Vi Unlimited Data, Calls & Internet Plans – Choose Vi Unlimited Plans Today @regression","firefox","2026-06-12","passed","2026-06-12","https://www.myvi.in/ - Vi Unlimited Data, Calls & Internet Plans – Choose Vi Unlimited Plans Today - Regression Tests","Regression Test Suite","",""
"","10155","Verify that Vi Electricity Bill Payment | Quick & Secure Online Payment loads successfully @regression","chromium","2026-06-12","passed","2026-06-12","https://www.myvi.in/ - Vi Electricity Bill Payment | Quick & Secure Online Payment - Regression Tests","Regression Test Suite","",""
"","9036","Verify that 163 Links are present on Vi Postpaid Auto Bill Payment - Setup & Manage Automatic Payments @regression","firefox","2026-06-12","failed","2026-06-12","https://www.myvi.in/ - Vi Postpaid Auto Bill Payment - Setup & Manage Automatic Payments - Regression Tests","Regression Test Suite","",""
"","21765","Verify that All OTT in One App - OTT Subscription Plans | Vi Movies & TV loads successfully @regression","firefox","2026-06-12","passed","2026-06-12","https://www.myvi.in/ - All OTT in One App - OTT Subscription Plans | Vi Movies & TV - Regression Tests","Regression Test Suite","",""
"","5070","Verify that 26 Buttons are present on Vi Data Packs - Mobile Data Recharge Plans | Vi India @regression","firefox","2026-06-12","passed","2026-06-12","https://www.myvi.in/ - Vi Data Packs - Mobile Data Recharge Plans | Vi India - Regression Tests","Regression Test Suite","",""
"","12438","Verify that 1 Menu is present on Vi Utility Bill Payments | Water, Gas, Electricity & More @regression","chromium","2026-06-12","failed","2026-06-12","https://www.myvi.in/ - Vi Utility Bill Payments | Water, Gas, Electricity & More - Regression Tests","Regression Test Suite","",""
"","3359","Verify that 12 Headings are present on Vi Product & Services FAQs, Frequently Asked Questions @regression","webkit","2026-06-12","passed","2026-06-12","https://www.myvi.in/ - Vi Product & Services FAQs, Frequently Asked Questions - Regression Tests","Regression Test Suite","",""
"","7755","Verify that 2 Menus are present on Vi Giganet: A smart network powered with AI from Vi @regression","webkit","2026-06-12","failed","2026-06-12","https://www.myvi.in/ - Vi Giganet: A smart network powered with AI from Vi - Regression Tests","Regression Test Suite","",""
"","9354","Verify that 8 Headings are present on Vi Giganet: A smart network powered with AI from Vi @regression","chromium","2026-06-12","failed","2026-06-12","https://www.myvi.in/ - Vi Giganet: A smart network powered with AI from Vi - Regression Tests","Regression Test Suite","",""
"","8211","Verify that 93 Links are present on Vi Product & Services FAQs, Frequently Asked Questions @regression","webkit","2026-06-12","failed","2026-06-12","https://www.myvi.in/ - Vi Product & Services FAQs, Frequently Asked Questions - Regression Tests","Regression Test Suite","",""
"","2485","Verify that 109 Links are present on Vodafone Idea News (Vi): Latest Vi News, Press Releases &amp; Updates @regression","firefox","2026-06-12","passed","2026-06-12","https://www.myvi.in/ - Vodafone Idea News (Vi): Latest Vi News, Press Releases &amp; Updates - Regression Tests","Regression Test Suite","",""
"","8078","Verify that Vi International Roaming Packs (2026) - Stay Connected Abroad | Vi India loads successfully @regression","webkit","2026-06-12","passed","2026-06-12","https://www.myvi.in/ - Vi International Roaming Packs (2026) - Stay Connected Abroad | Vi India - Regression Tests","Regression Test Suite","",""
"","4550","Verify that 109 Links are present on Vodafone Idea News (Vi): Latest Vi News, Press Releases &amp; Updates @regression","chromium","2026-06-12","passed","2026-06-12","https://www.myvi.in/ - Vodafone Idea News (Vi): Latest Vi News, Press Releases &amp; Updates - Regression Tests","Regression Test Suite","",""
"","9746","Verify that 1 Form is present on Best Vi SMS Packs and SMS Plans for Prepaid Recharge|Vi India @regression","chromium","2026-06-12","passed","2026-06-12","https://www.myvi.in/ - Best Vi SMS Packs and SMS Plans for Prepaid Recharge|Vi India - Regression Tests","Regression Test Suite","",""
"","3825","Verify that Best Vi SMS Packs and SMS Plans for Prepaid Recharge|Vi India loads successfully @regression","webkit","2026-06-12","passed","2026-06-12","https://www.myvi.in/ - Best Vi SMS Packs and SMS Plans for Prepaid Recharge|Vi India - Regression Tests","Regression Test Suite","",""
"","8880","Verify that 45 Buttons are present on Vi Unlimited Data, Calls & Internet Plans – Choose Vi Unlimited Plans Today @regression","chromium","2026-06-12","passed","2026-06-12","https://www.myvi.in/ - Vi Unlimited Data, Calls & Internet Plans – Choose Vi Unlimited Plans Today - Regression Tests","Regression Test Suite","",""
"","9963","Verify that 33 Links are present on Buy Fancy Numbers Online - Choose Premium VIP Number or Free Options |Vi India @regression","webkit","2026-06-12","failed","2026-06-12","https://www.myvi.in/ - Buy Fancy Numbers Online - Choose Premium VIP Number or Free Options |Vi India - Regression Tests","Regression Test Suite","",""
"","6112","Verify that 8 Buttons are present on Vi (Vodafone Idea) - Vi Max Postpaid | Prepaid | Vi Games & More @regression","webkit","2026-06-12","passed","2026-06-12","https://www.myvi.in/ - Vi (Vodafone Idea) - Vi Max Postpaid | Prepaid | Vi Games & More - Regression Tests","Regression Test Suite","",""
"","4457","Verify that 75 Inputs are present on Vi (Vodafone Idea) Customer Care Number | Vi Complaint & Helpline Number @regression","webkit","2026-06-12","passed","2026-06-12","https://www.myvi.in/ - Vi (Vodafone Idea) Customer Care Number | Vi Complaint & Helpline Number - Regression Tests","Regression Test Suite","",""
"","5397","Verify that 4 Headings are present on SonyLIV Subscription Plans with Vi | Watch Movies, Shows & Sports @regression","chromium","2026-06-12","passed","2026-06-12","https://www.myvi.in/ - SonyLIV Subscription Plans with Vi | Watch Movies, Shows & Sports - Regression Tests","Regression Test Suite","",""
"","6939","Verify that 3 Menus are present on Get Free Night Data & Binge Your Shows with Hero Unlimited | Vi-5G @regression","firefox","2026-06-12","failed","2026-06-12","https://www.myvi.in/ - Get Free Night Data & Binge Your Shows with Hero Unlimited | Vi-5G - Regression Tests","Regression Test Suite","",""
"","11471","Verify that Credit Card Bill Payment – Quick & Secure Online Bill Payments | Vi loads successfully @regression","firefox","2026-06-12","passed","2026-06-12","https://www.myvi.in/ - Credit Card Bill Payment – Quick & Secure Online Bill Payments | Vi - Regression Tests","Regression Test Suite","",""
"","5853","Verify that 17 Headings are present on Vi Postpaid Auto Bill Payment - Setup & Manage Automatic Payments @regression","firefox","2026-06-12","passed","2026-06-12","https://www.myvi.in/ - Vi Postpaid Auto Bill Payment - Setup & Manage Automatic Payments - Regression Tests","Regression Test Suite","",""
"","11275","Verify that 25 Headings are present on Get a New Vi Prepaid SIM Card in 3 Simple Steps - Buy New Sim @regression","firefox","2026-06-12","failed","2026-06-12","https://www.myvi.in/ - Get a New Vi Prepaid SIM Card in 3 Simple Steps - Buy New Sim - Regression Tests","Regression Test Suite","",""
"","9848","Verify that 29 Links are present on Get your Vi Sim Online and Enjoy Free Delivery | Choose Your Plan Today @regression","webkit","2026-06-12","failed","2026-06-12","https://www.myvi.in/ - Get your Vi Sim Online and Enjoy Free Delivery | Choose Your Plan Today - Regression Tests","Regression Test Suite","",""
"","2539","Verify that Pay Vi Postpaid Bill Online - Quick & Secure | Vi India loads successfully @regression","firefox","2026-06-12","passed","2026-06-12","https://www.myvi.in/ - Pay Vi Postpaid Bill Online - Quick & Secure | Vi India - Regression Tests","Regression Test Suite","",""
"","9885","Verify that 38 Links are present on Port SIM Number to Vi | Enjoy Vi Benefits with Easy MNP process @regression","webkit","2026-06-12","failed","2026-06-12","https://www.myvi.in/ - Port SIM Number to Vi | Enjoy Vi Benefits with Easy MNP process - Regression Tests","Regression Test Suite","",""
"","9184","Verify that 3 Menus are present on Get Free Night Data & Binge Your Shows with Hero Unlimited | Vi-5G @regression","chromium","2026-06-12","failed","2026-06-12","https://www.myvi.in/ - Get Free Night Data & Binge Your Shows with Hero Unlimited | Vi-5G - Regression Tests","Regression Test Suite","",""
"","12706","Verify that 38 Links are present on Port SIM Number to Vi | Enjoy Vi Benefits with Easy MNP process @regression","chromium","2026-06-12","failed","2026-06-12","https://www.myvi.in/ - Port SIM Number to Vi | Enjoy Vi Benefits with Easy MNP process - Regression Tests","Regression Test Suite","",""
"","7201","Verify that 3 Menus are present on Vodafone Idea Foundation – An initiative to change India with Mobile Technology @regression","webkit","2026-06-12","failed","2026-06-12","https://www.myvi.in/ - Vodafone Idea Foundation – An initiative to change India with Mobile Technology - Regression Tests","Regression Test Suite","",""
"","16646","Verify that 165 Links are present on Vi Official Videos: Tips, Products & Updates @regression","chromium","2026-06-12","failed","2026-06-12","https://www.myvi.in/ - Vi Official Videos: Tips, Products & Updates - Regression Tests","Regression Test Suite","",""
"","9326","Verify that 115 Links are present on Vi Unlimited Data, Calls & Internet Plans – Choose Vi Unlimited Plans Today @regression","chromium","2026-06-12","failed","2026-06-12","https://www.myvi.in/ - Vi Unlimited Data, Calls & Internet Plans – Choose Vi Unlimited Plans Today - Regression Tests","Regression Test Suite","",""
"","11502","Verify that 58 Buttons are present on All OTT in One App - OTT Subscription Plans | Vi Movies & TV @regression","chromium","2026-06-12","passed","2026-06-12","https://www.myvi.in/ - All OTT in One App - OTT Subscription Plans | Vi Movies & TV - Regression Tests","Regression Test Suite","",""
"","7987","Verify that 11 Headings are present on Online Mobile Recharge - Best Prepaid Plans & Top-Ups | Vi India @regression","webkit","2026-06-12","failed","2026-06-12","https://www.myvi.in/ - Online Mobile Recharge - Best Prepaid Plans & Top-Ups | Vi India - Regression Tests","Regression Test Suite","",""
"","10232","Verify that 50 Buttons are present on Buy Fancy Numbers Online - Choose Premium VIP Number or Free Options |Vi India @regression","webkit","2026-06-12","failed","2026-06-12","https://www.myvi.in/ - Buy Fancy Numbers Online - Choose Premium VIP Number or Free Options |Vi India - Regression Tests","Regression Test Suite","",""
"","3814","Verify that 1 Input is present on Vi Blog | Get Latest News & Information on Vi Network @regression","webkit","2026-06-12","passed","2026-06-12","https://www.myvi.in/ - Vi Blog | Get Latest News & Information on Vi Network - Regression Tests","Regression Test Suite","",""
"","5733","Verify that 2 Forms are present on Pay Vi Postpaid Bill Online - Quick & Secure | Vi India @regression","chromium","2026-06-12","passed","2026-06-12","https://www.myvi.in/ - Pay Vi Postpaid Bill Online - Quick & Secure | Vi India - Regression Tests","Regression Test Suite","",""
"","9767","Verify that 26 Buttons are present on Vi Max Family Plans | Best Postpaid Plan for Family | Postpaid Family Plans @regression","webkit","2026-06-12","failed","2026-06-12","https://www.myvi.in/ - Vi Max Family Plans | Best Postpaid Plan for Family | Postpaid Family Plans - Regression Tests","Regression Test Suite","",""
"","31062","Verify that 3 Menus are present on Privacy Policy | Vi @regression","chromium","2026-06-12","failed","2026-06-12","https://www.myvi.in/ - Privacy Policy | Vi - Regression Tests","Regression Test Suite","",""
"","8962","Verify that 2 Menus are present on Vi Giganet: A smart network powered with AI from Vi @regression","firefox","2026-06-12","failed","2026-06-12","https://www.myvi.in/ - Vi Giganet: A smart network powered with AI from Vi - Regression Tests","Regression Test Suite","",""
"","6434","Verify that 1 Form is present on Buy Fancy Numbers Online - Choose Premium VIP Number or Free Options |Vi India @regression","chromium","2026-06-12","passed","2026-06-12","https://www.myvi.in/ - Buy Fancy Numbers Online - Choose Premium VIP Number or Free Options |Vi India - Regression Tests","Regression Test Suite","",""
"","7814","Verify that 11 Buttons are present on About Vi - India's Largest Telecom Company @regression","chromium","2026-06-12","passed","2026-06-12","https://www.myvi.in/ - About Vi - India's Largest Telecom Company - Regression Tests","Regression Test Suite","",""
"","4605","Verify that 1 Input is present on Vi Blog | Get Latest News & Information on Vi Network @regression","chromium","2026-06-12","passed","2026-06-12","https://www.myvi.in/ - Vi Blog | Get Latest News & Information on Vi Network - Regression Tests","Regression Test Suite","",""
"","3446","Verify that 12 Headings are present on Investors Support Information Of Vi (Vodafone Idea Limited) @regression","firefox","2026-06-12","passed","2026-06-12","https://www.myvi.in/ - Investors Support Information Of Vi (Vodafone Idea Limited) - Regression Tests","Regression Test Suite","",""
"","5099","Verify that 7 Buttons are present on Vi Prepaid Talktime and Top-Up Plans| Easy Online Mobile Recharge @regression","chromium","2026-06-12","passed","2026-06-12","https://www.myvi.in/ - Vi Prepaid Talktime and Top-Up Plans| Easy Online Mobile Recharge - Regression Tests","Regression Test Suite","",""
"","11412","Verify that 5 Buttons are present on Plan Selection Page @regression","chromium","2026-06-12","failed","2026-06-12","https://www.myvi.in/ - Plan Selection Page - Regression Tests","Regression Test Suite","",""
"","6914","Verify that 23 Buttons are present on Vi Postpaid Auto Bill Payment - Setup & Manage Automatic Payments @regression","chromium","2026-06-12","passed","2026-06-12","https://www.myvi.in/ - Vi Postpaid Auto Bill Payment - Setup & Manage Automatic Payments - Regression Tests","Regression Test Suite","",""
"","11077","Verify that 1 Menu is present on Pay for Insurance Online with Vi – Fast & Secure Payment @regression","chromium","2026-06-12","failed","2026-06-12","https://www.myvi.in/ - Pay for Insurance Online with Vi – Fast & Secure Payment - Regression Tests","Regression Test Suite","",""
"","4718","Verify that 1 Heading is present on Credit Card Bill Payment – Quick & Secure Online Bill Payments | Vi @regression","webkit","2026-06-12","passed","2026-06-12","https://www.myvi.in/ - Credit Card Bill Payment – Quick & Secure Online Bill Payments | Vi - Regression Tests","Regression Test Suite","",""
"","7442","Verify that 2 Menus are present on Get a New Vi Prepaid SIM Card in 3 Simple Steps - Buy New Sim @regression","firefox","2026-06-12","failed","2026-06-12","https://www.myvi.in/ - Get a New Vi Prepaid SIM Card in 3 Simple Steps - Buy New Sim - Regression Tests","Regression Test Suite","",""
"","3355","Verify that 1 Form is present on Get Free Night Data & Binge Your Shows with Hero Unlimited | Vi-5G @regression","firefox","2026-06-12","passed","2026-06-12","https://www.myvi.in/ - Get Free Night Data & Binge Your Shows with Hero Unlimited | Vi-5G - Regression Tests","Regression Test Suite","",""
"","3978","Verify that 14 Headings are present on Get Free Night Data & Binge Your Shows with Hero Unlimited | Vi-5G @regression","webkit","2026-06-12","passed","2026-06-12","https://www.myvi.in/ - Get Free Night Data & Binge Your Shows with Hero Unlimited | Vi-5G - Regression Tests","Regression Test Suite","",""
"","6329","Verify that 26 Buttons are present on Vi International Roaming Packs (2026) - Stay Connected Abroad | Vi India @regression","webkit","2026-06-12","passed","2026-06-12","https://www.myvi.in/ - Vi International Roaming Packs (2026) - Stay Connected Abroad | Vi India - Regression Tests","Regression Test Suite","",""
